bystander condition,0,1,2,3,4,5,6,7,8,9,10,11,12,13,14,15,16,17,18,19,20
A,I,I,I,I,I,I,I,I,I,I,I,I,I,I,I,I,I,I,I,I,I
B,B,B,B,B,B,B,B,B,B,B,B,B,B,I,B,I,B,B,B,B,B
C,D,D,C,C,C,C,C,C,C,C,C,C,C,C,C,C,C,D,C,C,C
D,E,I,I,I,D,I,I,D,I,D,I,I,I,I,I,I,I,I,I,I,I
E,E,E,E,E,E,E,E,E,E,E,E,E,E,E,E,E,E,I,E,I,E
F,H,H,I,H,I,I,I,I,I,I,I,I,I,I,I,I,I,I,I,I,I
G,I,I,I,I,I,I,I,I,G,I,I,I,I,I,I,I,I,I,I,I,I
H,I,I,I,H,I,I,H,H,H,I,I,I,I,I,I,I,I,I,I,I,I
I,I,I,I,I,I,I,I,I,I,I,I,I,I,I,I,I,I,I,I,I,I
J,E,I,I,I,I,I,I,I,I,I,I,I,I,I,I,I,I,I,I,I,I
A,I,I,I,I,I,I,I,I,I,I,I,I,I,I,I,I,I,I,I,I,I
B,H,H,I,B,B,B,B,B,B,I,I,I,I,I,B,I,I,I,I,I,I
C,I,D,I,I,I,I,I,C,C,I,I,I,I,I,I,I,I,I,I,I,I
D,I,I,I,I,I,I,I,I,I,I,I,I,I,I,I,I,I,I,I,I,I
E,I,I,I,I,E,E,E,E,E,I,I,I,I,I,I,I,I,I,I,I,I
F,E,E,E,E,E,F,F,E,E,E,I,E,I,E,E,E,E,E,I,E,E
G,E,E,E,I,E,E,I,E,I,E,I,I,I,I,I,E,I,I,I,I,I
H,D,I,I,H,I,I,H,H,H,H,H,H,I,I,I,I,I,I,I,I,I
I,I,I,I,I,I,I,I,I,I,I,I,I,I,I,I,I,I,I,I,I,I
J,I,I,I,I,I,I,I,I,I,I,I,I,I,I,I,I,I,I,I,I,I
A,G,I,A,A,A,A,A,A,A,A,A,A,A,A,A,A,A,A,A,A,A
B,D,I,A,A,A,I,A,A,A,A,A,A,A,A,A,A,A,A,A,A,A
C,I,I,I,I,I,I,I,I,I,I,I,I,I,I,I,I,I,I,I,I,I
D,F,F,F,I,D,D,I,D,D,D,D,I,D,D,D,D,I,D,I,D,I
E,I,I,I,I,E,E,E,I,I,I,I,I,I,I,E,I,I,I,I,I,I
F,I,I,I,I,I,I,I,I,I,I,I,I,I,I,I,I,I,I,I,I,I
G,G,G,G,G,G,G,G,G,G,G,G,G,G,G,G,G,I,G,G,G,I
H,C,C,C,H,H,H,H,H,H,H,H,H,I,H,I,I,H,H,I,I,I
I,I,I,I,I,I,I,I,I,I,I,I,I,I,I,I,I,I,I,I,I,I
J,I,I,I,I,I,I,I,I,I,I,I,I,I,I,I,I,I,I,I,I,I
A,D,I,A,I,A,A,A,I,A,I,A,I,A,I,I,I,I,I,I,I,I
B,G,G,G,E,E,E,E,E,E,E,E,E,E,E,E,I,I,E,I,I,E
C,H,I,I,I,I,I,I,C,I,I,I,I,I,I,I,I,I,I,I,I,I
D,B,I,I,I,D,D,I,D,D,I,D,I,I,I,I,I,I,I,I,I,I
E,I,I,I,I,E,I,E,E,E,E,E,I,E,I,I,I,I,I,I,I,I
F,H,I,I,I,I,I,I,I,I,I,F,I,I,I,I,I,I,I,I,I,I
G,I,I,G,G,G,G,G,G,G,G,G,I,G,G,G,G,G,G,G,G,I
H,I,I,I,I,I,I,I,I,I,I,I,I,I,I,I,I,I,I,I,I,I
I,H,H,H,H,I,I,I,I,I,I,I,I,I,I,I,I,I,I,I,I,I
J,G,I,J,J,J,J,J,J,J,J,J,J,J,J,J,J,J,J,I,I,J
A,I,I,A,A,A,A,A,A,A,A,A,A,A,A,A,I,A,A,I,I,A
B,I,E,E,D,I,I,E,C,C,C,C,A,A,C,I,I,I,I,I,I,I
C,I,I,I,C,I,C,C,I,C,C,I,C,A,A,A,A,A,A,I,A,A
D,I,D,D,D,D,D,D,D,D,D,D,I,I,I,I,D,I,D,I,I,I
E,I,I,I,I,I,I,I,I,I,I,I,I,I,I,I,I,I,I,I,I,I
F,I,F,F,F,F,F,F,F,F,F,F,F,F,F,F,I,I,F,I,I,I
G,I,A,I,I,I,G,I,I,G,G,G,I,I,I,I,I,I,I,I,I,I
H,I,I,H,H,H,H,H,H,H,H,H,H,H,I,I,I,H,I,I,I,I
I,G,I,I,I,I,I,I,I,I,I,I,I,I,I,I,I,I,I,I,I,I
J,I,I,I,I,I,I,I,I,I,I,I,I,I,I,I,I,I,I,I,I,I
A,H,H,H,H,A,A,A,A,A,A,A,A,A,A,A,A,A,A,A,A,H
B,I,B,B,B,B,B,B,B,B,B,B,B,B,I,I,B,B,B,B,B,I
C,C,C,C,C,C,C,C,C,C,C,C,C,C,C,I,C,I,I,I,I,I
D,I,I,I,I,I,I,I,I,I,I,I,I,I,I,I,I,I,I,I,I,I
E,G,I,I,I,I,I,I,I,I,I,I,I,I,I,I,I,I,I,I,I,I
F,I,I,I,I,I,I,I,I,I,I,I,I,I,I,I,I,I,I,I,I,I
G,D,D,G,G,G,G,G,G,G,G,G,G,G,G,G,G,G,G,G,I,I
H,I,I,H,H,H,H,I,H,H,H,H,H,H,I,I,I,I,I,I,I,I
I,I,I,I,I,I,I,I,I,I,I,I,I,I,I,I,I,I,I,I,I,I
J,C,E,A,E,A,E,I,I,A,I,I,A,I,I,I,I,I,I,I,I,I
A,I,I,I,I,I,I,I,I,I,I,I,I,I,I,I,I,I,I,I,I,I
B,I,I,I,I,I,I,I,I,I,I,I,I,I,I,I,I,I,I,I,I,I
C,I,C,I,I,C,C,I,C,I,C,I,C,I,I,I,I,I,I,I,I,I
D,I,I,I,D,D,D,D,D,I,D,D,D,D,I,I,I,I,I,I,I,I
E,E,E,E,E,E,E,E,E,E,E,E,E,E,E,E,E,E,E,E,E,I
F,I,E,I,I,E,E,I,I,I,E,I,I,I,I,I,I,I,I,I,I,I
G,I,I,I,I,G,I,I,G,G,I,I,I,I,I,I,I,I,I,I,I,I
H,J,I,H,H,H,H,H,H,I,H,H,H,I,I,I,I,I,I,I,I,I
I,F,I,I,I,I,I,I,I,I,I,I,I,I,I,I,I,I,I,I,I,I
J,F,F,J,J,J,J,J,J,J,J,I,J,J,J,J,I,J,I,J,I,J
A,I,I,I,I,I,I,C,I,I,I,I,I,I,I,I,I,I,I,I,I,I
B,I,I,I,I,I,B,B,I,I,I,I,I,I,I,I,I,I,I,I,I,I
C,I,C,C,C,C,C,C,C,C,C,C,C,C,C,C,C,C,C,C,I,I
D,I,D,D,D,D,D,D,D,D,D,D,D,D,I,I,I,I,I,I,I,I
E,I,I,I,I,E,I,E,I,E,I,I,I,I,I,I,I,I,I,I,I,I
F,I,I,I,I,I,I,I,I,I,I,I,I,I,I,I,I,I,I,I,I,I
G,H,H,G,G,G,G,G,G,G,G,G,G,G,G,G,G,G,I,I,G,I
H,E,I,I,D,D,D,H,H,H,I,I,D,I,D,I,I,I,D,I,I,I
I,I,I,I,I,I,I,I,I,I,I,I,I,I,I,I,I,I,I,I,I,I
J,E,E,E,E,E,E,E,E,E,E,E,E,E,E,E,E,E,E,E,E,E
A,I,I,C,I,C,I,I,I,I,I,I,I,I,I,I,I,I,I,I,I,I
B,I,I,I,I,I,I,I,I,I,I,I,I,I,I,I,I,I,I,I,I,I
C,I,I,I,I,I,I,I,I,I,I,I,I,I,I,I,I,I,I,I,I,I
D,D,I,D,D,D,D,D,D,D,D,D,D,I,D,D,D,D,I,I,D,D
E,C,C,C,E,I,E,I,I,E,E,I,I,E,I,I,C,I,I,I,I,I
F,G,G,I,I,I,F,F,F,F,I,I,I,I,I,I,I,I,I,I,I,I
G,J,J,G,G,G,G,G,G,G,G,G,G,I,I,G,I,G,I,I,I,I
H,I,I,I,I,I,I,I,I,I,I,I,I,I,I,I,I,I,I,I,I,I
I,I,C,I,I,I,I,I,I,I,I,I,I,I,I,I,I,I,I,I,I,I
J,C,C,I,I,I,I,I,I,I,I,I,I,I,I,I,I,I,I,I,I,I
A,C,C,C,A,A,A,A,A,A,A,A,A,A,A,A,A,A,C,A,C,C
B,I,I,I,I,I,C,C,C,I,I,I,I,I,I,C,I,C,C,I,I,I
C,I,I,I,I,I,I,I,I,I,I,I,I,I,I,I,I,I,I,I,I,I
D,H,I,D,I,D,D,D,D,D,D,D,I,I,I,I,I,I,I,I,I,I
E,G,F,G,G,G,G,G,G,G,G,G,G,G,G,G,I,I,I,G,I,G
F,I,I,I,I,I,I,I,I,I,I,I,I,I,I,I,I,I,I,I,I,I
G,H,H,G,G,G,G,G,G,G,G,G,G,G,G,G,G,G,I,I,I,G
H,I,I,I,I,I,I,H,H,I,I,I,H,I,I,I,I,I,I,I,I,I
I,I,I,I,I,I,I,I,I,I,I,I,I,I,I,I,I,I,I,I,I,I
J,E,E,I,I,I,I,I,I,I,I,I,I,I,I,I,I,I,I,I,I,I
A,F,I,F,F,F,I,I,I,I,A,I,I,I,I,I,I,I,I,I,I,I
B,H,H,H,H,H,H,H,H,I,H,I,I,I,I,I,I,I,I,I,I,I
C,A,I,I,I,I,I,I,I,I,I,I,I,I,I,I,I,I,I,I,I,I
D,I,I,I,I,D,D,I,I,I,I,I,I,I,I,I,I,I,I,I,I,I
E,I,I,E,E,E,E,E,E,E,E,E,E,E,E,I,E,E,E,I,I,I
F,I,I,F,F,F,F,F,F,F,I,I,I,F,I,F,F,I,I,I,I,I
G,D,D,D,G,G,G,G,G,G,G,G,G,G,G,I,G,G,G,I,I,I
H,I,I,I,I,H,H,H,H,I,I,I,I,I,I,I,I,I,I,I,I,I
I,D,I,I,I,I,I,I,I,I,I,I,I,I,I,I,I,I,I,I,I,I
J,I,I,I,I,I,I,I,I,I,I,I,I,I,I,I,I,I,I,I,I,I
A,D,D,D,A,A,A,A,A,A,A,A,A,A,A,A,A,A,A,A,A,A
B,D,D,D,D,D,D,D,D,D,D,D,D,D,D,A,A,A,A,I,I,I
C,I,I,I,I,C,I,I,C,C,I,I,I,I,I,I,I,I,I,I,I,I
D,D,D,D,D,D,D,D,D,D,D,D,D,D,D,D,D,D,D,D,D,D
E,B,I,E,E,E,I,E,E,E,E,I,I,I,I,I,I,I,I,I,I,I
F,I,I,I,I,I,I,I,I,I,I,I,I,I,I,I,I,I,I,I,I,I
G,I,I,I,I,I,I,I,I,I,I,I,I,I,I,I,I,I,I,I,I,I
H,I,I,I,I,I,I,I,I,I,I,I,I,I,I,I,I,I,I,I,I,I
I,I,I,I,I,I,I,I,I,I,I,I,I,I,I,I,I,I,I,I,I,I
J,F,F,F,I,A,A,J,J,J,J,J,J,J,I,J,A,I,I,I,I,I
A,C,C,C,C,I,C,I,C,I,I,C,I,I,I,I,I,I,I,I,I,I
B,I,I,I,I,I,I,B,B,B,I,I,I,I,I,I,I,I,I,I,I,I
C,D,D,C,C,C,C,C,C,C,C,C,C,C,C,C,C,C,C,C,C,C
D,E,D,D,D,D,D,D,D,D,D,D,D,D,D,D,D,D,D,D,D,D
E,I,I,I,I,I,I,I,I,I,I,I,I,I,I,I,I,I,I,I,I,I
F,I,I,I,I,I,I,I,I,I,I,I,I,I,I,I,I,I,I,I,I,I
G,I,I,I,G,I,I,I,I,I,I,I,I,I,I,I,I,I,I,I,I,I
H,F,F,H,H,H,H,H,H,H,H,H,H,H,H,H,H,G,I,H,I,I
I,I,I,I,I,I,I,I,I,I,I,I,I,I,I,I,I,I,I,I,I,I
J,I,I,I,I,I,I,I,I,I,I,I,I,I,I,I,I,I,I,I,I,I
A,H,H,D,A,A,I,A,I,A,A,I,I,I,I,I,B,B,I,I,B,B
B,F,F,I,I,I,I,I,I,I,I,I,I,I,I,I,I,I,I,I,I,I
C,I,I,I,I,I,C,I,I,I,I,I,I,I,I,I,I,I,I,I,I,I
D,I,I,D,D,D,D,D,D,D,D,D,D,D,D,D,D,I,I,I,I,I
E,D,D,D,I,I,I,E,E,E,E,I,I,I,E,I,I,E,I,I,I,I
F,I,I,I,I,I,I,I,I,I,I,I,I,I,I,I,I,I,I,I,I,I
G,I,I,I,I,I,I,I,I,I,I,I,I,I,I,I,I,I,I,I,I,I
H,I,I,H,H,H,H,H,H,H,H,H,H,H,H,I,I,I,I,I,I,I
I,I,I,I,I,I,I,I,I,I,I,I,I,I,I,I,I,I,I,I,I,I
J,I,I,I,I,I,J,I,J,I,I,I,I,I,I,I,I,I,I,I,I,I
A,I,I,I,I,I,I,I,I,I,I,I,I,I,I,I,I,I,I,I,I,I
B,I,I,I,I,I,I,I,I,I,I,I,I,I,I,I,I,I,I,I,I,I
C,I,I,I,I,I,I,I,I,I,I,I,I,I,I,I,I,I,I,I,I,I
D,I,I,I,I,I,I,B,I,I,I,I,I,I,I,I,I,I,I,I,I,I
E,G,G,I,I,E,E,G,A,A,E,A,E,A,I,A,A,A,I,I,I,I
F,I,I,I,F,I,I,F,F,I,I,I,I,I,I,I,I,I,I,I,I,I
G,I,I,I,I,I,I,I,I,I,I,I,I,I,I,I,I,I,I,I,I,I
H,I,I,H,H,H,H,H,H,H,H,H,H,H,H,I,I,I,I,I,I,I
I,I,I,I,I,I,I,I,I,I,I,I,I,I,I,I,I,I,I,I,I,I
J,I,I,I,I,I,I,I,I,I,I,I,I,I,I,I,I,I,I,I,I,I
A,I,I,I,A,A,A,A,A,A,A,A,A,A,A,A,A,A,A,A,A,A
B,I,I,I,I,I,I,I,I,I,I,I,I,I,I,I,I,I,I,I,I,I
C,I,E,C,C,C,C,C,I,I,I,I,I,I,I,I,I,I,I,I,I,I
D,I,I,I,I,D,I,I,D,I,I,I,I,I,I,I,I,D,I,I,I,I
E,G,I,E,E,E,E,E,E,E,E,E,E,E,E,E,I,E,I,I,E,I
F,I,I,I,I,I,I,I,I,I,I,I,I,I,I,I,I,I,I,I,I,I
G,I,G,G,G,G,G,G,G,G,G,G,G,G,G,G,G,I,G,I,I,I
H,F,I,I,I,I,I,I,I,I,I,I,I,I,I,I,I,I,I,I,I,I
I,I,I,I,I,I,I,I,I,I,I,I,I,I,I,I,I,I,I,I,I,I
J,I,I,E,I,I,I,I,I,I,I,I,I,I,I,I,I,I,I,I,I,I
A,I,I,I,I,A,A,I,I,I,I,I,I,I,I,I,I,I,I,I,I,I
B,I,I,I,I,I,I,I,I,I,I,I,I,I,I,I,I,I,I,I,I,I
C,I,I,I,C,C,I,I,C,C,I,I,I,I,C,I,I,I,I,I,I,I
D,I,I,I,I,I,I,I,I,I,I,I,I,I,I,I,I,I,I,I,I,I
E,I,I,I,I,I,I,I,I,I,I,I,I,I,I,I,I,I,I,I,I,I
F,I,F,F,F,F,F,F,F,F,F,F,F,F,F,F,F,I,I,F,I,I
G,D,G,G,G,G,G,G,G,G,G,G,G,G,G,G,G,G,G,G,G,G
H,D,D,D,I,I,I,D,I,I,I,D,I,I,I,I,I,I,I,I,I,I
I,D,I,I,I,I,I,I,I,I,I,I,I,I,I,I,I,I,I,I,I,I
J,I,I,I,I,I,I,J,I,I,I,I,I,I,I,I,I,I,I,I,I,I
A,A,F,A,A,A,A,A,A,A,A,A,A,A,A,A,A,A,A,A,I,A
B,I,I,I,I,I,I,I,I,I,I,I,I,I,I,I,I,I,I,I,I,I
C,I,I,I,I,C,C,C,C,I,I,I,I,I,I,C,I,I,I,I,I,I
D,E,E,I,I,I,I,I,I,I,I,I,I,I,I,I,I,I,I,I,I,I
E,I,I,I,I,I,I,I,I,I,I,I,I,I,I,I,I,I,I,I,I,I
F,I,I,I,I,I,I,I,I,I,I,I,I,I,I,I,I,I,I,I,I,I
G,I,I,I,I,I,I,I,I,I,I,I,I,I,I,I,I,I,I,I,I,I
H,I,I,I,I,I,I,I,I,I,I,I,I,I,I,I,I,I,I,I,I,I
I,A,I,I,I,I,I,I,I,I,I,I,I,I,I,I,I,I,I,I,I,I
J,I,I,I,I,I,I,I,I,I,I,I,I,I,I,I,I,I,I,I,I,I
A,C,C,B,C,B,A,B,B,B,B,I,B,I,I,B,I,B,B,I,I,I
B,I,I,I,I,I,I,I,I,B,I,I,I,I,I,I,I,I,I,I,I,I
C,D,D,I,D,C,D,D,D,C,D,D,D,D,D,D,I,I,D,D,D,I
D,A,A,I,A,I,I,I,I,A,A,I,I,I,I,I,I,I,I,I,I,I
E,I,I,I,I,I,I,I,I,I,I,I,I,I,I,I,I,I,I,I,I,I
F,I,I,I,I,I,I,I,I,I,I,I,I,I,I,I,I,I,I,I,I,I
G,I,I,I,I,I,I,I,I,I,I,I,I,I,I,I,I,I,I,I,I,I
H,I,I,I,I,I,I,I,I,I,I,I,I,I,I,I,I,I,I,I,I,I
I,I,I,I,I,I,I,I,I,I,I,I,I,I,I,I,I,I,I,I,I,I
J,F,F,F,F,F,F,F,J,F,F,I,I,I,F,I,I,I,I,F,I,I
A,I,I,F,A,A,I,A,A,A,A,A,A,A,A,A,A,A,A,A,A,A
B,I,I,I,I,I,I,I,I,I,I,I,I,I,I,I,I,I,I,I,I,I
C,I,I,I,I,I,I,I,I,I,I,I,I,I,I,I,I,I,I,I,I,I
D,I,I,I,D,D,D,D,D,D,D,D,D,I,I,I,I,I,I,I,I,I
E,C,C,E,E,E,E,E,E,E,E,E,E,I,C,I,C,I,I,I,I,I
F,I,I,D,I,I,I,I,F,I,I,I,I,I,I,I,I,I,I,I,I,I
G,I,I,I,I,I,I,I,I,I,I,I,I,I,I,I,I,I,I,I,I,I
H,I,I,I,I,I,I,I,I,I,I,I,I,I,I,I,I,I,I,I,I,I
I,I,I,I,I,I,I,I,I,I,I,I,I,I,I,I,I,I,I,I,I,I
J,I,I,I,I,I,I,I,I,I,I,I,I,I,I,I,I,I,I,I,I,I
A,I,C,A,A,A,I,I,I,A,A,I,I,I,A,A,I,A,I,I,I,I
B,I,I,I,I,C,C,I,I,I,I,I,I,I,I,I,I,I,I,I,A,I
C,C,I,I,I,I,C,C,C,C,C,I,C,C,C,C,C,I,C,C,I,I
D,I,I,I,D,D,D,D,D,D,D,I,I,I,I,I,D,I,I,I,I,I
E,G,G,E,E,E,E,E,E,E,E,E,E,E,E,E,E,E,E,E,E,E
F,I,I,I,I,I,I,I,I,I,I,I,I,I,I,I,I,I,I,I,I,I
G,I,B,G,G,G,G,G,G,G,G,G,G,G,I,G,I,I,I,I,I,I
H,E,I,I,I,I,I,I,I,I,I,I,I,I,I,I,I,I,I,I,I,I
I,D,I,I,I,I,I,I,I,I,I,I,I,I,I,I,I,I,I,I,I,I
J,I,I,I,I,I,I,I,I,I,I,I,I,I,I,I,I,I,I,I,I,I
A,I,I,I,I,I,I,I,I,I,I,I,I,I,I,I,I,I,I,I,I,I
B,F,F,F,I,I,I,I,F,I,I,I,I,I,I,I,I,I,I,I,I,I
C,I,I,I,C,I,C,C,C,C,C,C,C,I,I,C,C,C,I,I,I,C
D,I,H,D,D,D,D,D,D,D,D,D,D,D,D,D,D,D,D,D,I,D
E,C,C,C,C,E,C,C,C,I,I,E,E,E,C,C,C,I,I,I,I,C
F,I,I,I,I,I,F,I,I,I,I,I,I,I,I,I,I,I,I,I,I,I
G,H,I,I,I,I,I,I,I,I,I,I,I,I,I,I,I,I,I,I,I,I
H,G,I,I,I,H,H,H,H,H,H,H,H,H,I,I,I,I,I,I,I,I
I,I,I,I,I,I,I,I,I,I,I,I,I,I,I,I,I,I,I,I,I,I
J,I,I,I,I,I,I,I,I,I,I,I,I,I,I,I,I,I,I,I,I,I
A,D,I,I,I,I,A,I,I,I,I,I,I,I,I,I,I,I,I,I,I,I
B,I,I,A,I,I,A,A,A,A,A,A,A,A,A,A,A,A,A,A,I,A
C,I,I,I,I,I,I,I,I,I,I,I,I,I,I,I,I,I,I,I,I,I
D,H,H,D,D,D,D,D,D,D,D,D,D,D,D,D,I,I,I,I,D,I
E,I,E,I,E,I,E,E,E,I,E,I,I,E,E,E,I,I,I,I,I,I
F,D,D,D,F,F,D,F,F,F,D,D,I,D,D,D,D,I,I,I,I,D
G,C,C,C,C,I,I,I,C,I,C,I,I,I,I,I,I,I,I,I,I,I
H,D,I,D,D,I,D,D,D,D,D,I,D,I,I,I,I,I,I,I,I,I
I,F,F,I,I,I,I,I,I,I,I,I,I,I,I,I,I,I,I,I,I,I
J,I,I,I,I,I,I,I,I,I,I,I,I,I,I,I,I,I,I,I,I,I
A,C,C,C,C,C,C,C,C,I,C,C,C,I,I,I,I,I,I,I,I,I
B,I,I,I,I,I,I,I,I,I,I,I,I,I,I,I,I,I,I,I,I,I
C,I,C,C,C,C,C,C,C,C,C,C,C,C,C,C,C,C,C,C,C,C
D,I,A,D,D,D,D,D,D,D,D,D,D,D,D,D,D,D,D,D,D,D
E,D,D,E,E,E,E,E,E,E,E,E,E,E,E,E,E,D,E,E,E,E
F,F,F,F,F,F,F,F,F,F,F,F,F,F,F,F,F,F,I,F,F,I
G,I,I,G,G,G,G,G,G,G,G,G,G,G,G,G,G,I,I,G,I,I
H,C,I,I,I,I,I,I,I,I,I,I,I,I,I,I,I,I,I,I,I,I
I,I,I,I,I,I,I,I,I,I,I,I,I,I,I,I,I,I,I,I,I,I
J,D,D,D,D,D,D,D,D,D,I,I,I,I,I,D,I,I,I,I,I,I
A,H,H,H,A,A,A,A,A,A,A,A,A,A,A,A,A,A,A,A,A,A
B,I,I,I,I,B,B,B,B,B,I,B,I,I,I,I,I,I,I,I,I,I
C,I,I,I,I,C,C,C,I,C,I,C,C,C,C,I,I,C,I,I,I,I
D,I,I,I,I,I,I,I,I,I,I,I,I,I,I,I,I,I,I,I,I,I
E,C,C,E,E,E,E,E,E,E,E,E,E,E,E,E,E,E,E,E,E,E
F,I,I,I,I,I,I,I,I,I,I,I,I,I,I,I,I,I,I,I,I,I
G,E,E,G,G,G,G,G,G,G,G,G,G,G,G,G,G,G,G,G,G,I
H,E,E,H,E,I,I,H,I,I,I,I,I,I,I,E,I,I,I,I,I,I
I,I,I,I,I,I,I,I,I,I,I,I,I,I,I,I,I,I,I,I,I,I
J,I,I,I,I,I,I,I,I,I,I,I,I,I,I,I,I,I,I,I,I,I
A,I,I,I,I,I,I,I,I,I,I,I,I,I,I,I,I,I,I,I,I,I
B,I,I,I,I,I,I,I,I,I,I,I,I,I,I,I,I,I,I,I,I,I
C,I,I,B,B,I,I,I,I,I,I,I,I,I,I,I,I,I,I,I,I,I
D,I,I,I,I,I,D,I,I,I,I,I,I,I,I,I,I,I,I,I,I,I
E,G,G,G,G,E,E,E,E,E,E,E,E,E,E,E,E,G,I,I,E,I
F,G,G,I,F,F,F,F,F,F,F,F,I,I,I,I,I,I,I,I,I,I
G,I,I,I,G,G,G,G,G,G,I,G,G,I,I,I,I,I,I,I,I,I
H,F,H,H,H,H,H,H,H,H,H,H,H,H,H,H,I,H,H,H,I,H
I,E,I,I,I,I,I,I,I,I,I,I,I,I,I,I,I,I,I,I,I,I
J,I,I,I,J,J,I,I,J,J,J,J,J,J,I,I,I,I,I,I,I,I
A,F,F,F,A,A,A,A,A,A,A,A,A,A,I,A,I,I,A,A,A,A
B,I,I,I,I,I,I,I,I,I,I,I,I,I,I,I,I,I,I,I,I,I
C,E,I,I,I,I,I,I,I,I,I,I,I,I,I,I,I,I,I,I,I,I
D,I,I,I,I,D,D,D,I,I,D,D,I,I,I,I,I,I,I,I,I,I
E,I,I,E,E,E,E,E,E,E,E,E,E,E,I,I,E,I,I,I,I,I
F,I,I,I,I,I,I,I,I,I,I,I,I,I,I,I,I,I,I,I,I,I
G,E,I,I,I,I,I,I,I,I,G,I,I,I,I,I,I,I,I,I,I,I
H,H,I,I,I,I,I,I,I,I,I,I,I,I,I,I,I,I,I,I,I,I
I,E,E,E,E,I,I,I,I,I,I,I,I,I,I,I,I,E,I,I,I,I
J,I,I,I,I,I,I,J,I,I,I,I,I,I,I,I,I,I,I,I,I,I
A,C,I,I,I,I,I,C,I,C,I,I,I,I,I,I,I,I,I,I,I,I
B,I,C,C,C,I,I,I,C,I,I,I,I,I,I,A,I,I,I,I,I,I
C,I,I,C,C,C,C,C,C,I,I,C,I,I,I,I,I,I,C,I,I,I
D,I,I,I,I,I,I,I,D,D,I,D,D,I,I,I,I,I,I,I,I,I
E,I,I,I,I,I,I,I,I,I,I,I,I,I,I,I,I,I,I,I,I,I
F,B,I,I,F,F,F,F,F,F,F,F,F,F,F,F,I,I,I,I,I,I
G,I,I,G,I,I,G,G,G,G,G,G,I,I,I,I,I,I,I,I,I,I
H,I,H,H,H,H,H,H,H,H,H,H,H,H,H,H,I,I,I,I,I,I
I,I,I,I,I,I,I,I,I,I,I,I,I,I,I,I,I,I,I,I,I,I
J,C,C,C,C,C,C,C,C,C,C,I,C,C,C,C,C,I,C,C,I,C
A,I,I,I,I,I,I,I,I,I,I,I,I,I,I,I,I,I,I,I,I,I
B,H,A,A,A,A,B,A,A,B,A,A,A,A,A,A,I,A,A,A,A,A
C,F,I,I,I,I,I,I,C,C,I,I,C,C,I,I,I,I,I,I,I,I
D,C,C,I,I,I,D,D,D,D,D,D,D,C,I,I,I,I,I,I,I,I
E,G,G,G,G,E,E,E,E,E,E,E,E,I,E,I,I,I,I,I,I,I
F,I,I,I,I,I,E,I,I,E,I,I,I,I,I,I,I,I,I,I,I,I
G,I,D,I,I,I,I,I,I,I,I,I,I,I,I,I,I,I,I,I,I,I
H,I,H,H,H,H,H,H,H,H,H,H,H,H,H,H,H,H,I,I,H,I
I,I,I,I,I,I,I,I,I,I,I,I,I,I,I,I,I,I,I,I,I,I
J,I,I,I,I,I,I,I,I,I,I,I,I,I,I,I,I,I,I,I,I,I
A,I,I,D,I,A,I,I,I,I,I,I,I,I,I,I,I,I,I,I,I,I
B,I,I,I,I,I,I,I,I,I,I,I,I,I,I,I,A,A,A,I,I,I
C,G,C,C,C,C,C,C,C,C,C,C,C,C,C,C,C,C,C,C,C,C
D,I,I,I,I,I,I,I,I,I,I,I,I,I,I,I,I,I,I,I,I,I
E,I,I,I,E,E,E,I,I,I,I,E,I,I,I,I,I,I,I,I,I,I
F,E,E,E,E,E,I,E,E,I,I,E,I,I,I,I,I,I,I,I,I,I
G,I,G,G,G,G,G,G,G,G,G,G,G,G,G,G,G,G,G,I,G,I
H,I,I,I,I,I,I,I,I,H,I,I,I,I,I,I,I,I,I,I,I,I
I,I,I,I,I,I,I,I,I,I,I,I,I,I,I,I,I,I,I,I,I,I
J,C,C,I,I,I,I,I,I,I,I,I,I,I,I,I,I,I,I,I,I,I
A,G,I,I,I,I,I,I,I,I,I,I,I,I,I,I,I,I,I,I,I,I
B,I,I,I,I,I,I,I,I,I,I,I,I,I,I,I,I,I,I,I,I,I
C,F,A,C,C,C,C,C,C,C,C,C,C,A,I,A,A,A,A,I,I,A
D,E,E,E,E,D,D,D,D,D,D,D,D,D,D,D,D,I,E,I,I,I
E,G,I,E,E,E,E,E,E,E,E,E,E,E,E,E,E,I,I,I,I,I
F,C,F,F,F,F,F,F,F,F,F,F,F,F,F,F,F,F,F,I,I,I
G,F,F,F,F,F,I,G,F,I,F,F,F,I,I,I,I,I,I,I,I,I
H,I,H,I,H,H,H,H,H,H,H,H,H,H,H,I,I,I,I,I,I,I
I,I,I,I,I,I,I,I,I,I,I,I,I,I,I,I,I,I,I,I,I,I
J,I,I,I,I,I,D,I,I,I,I,I,I,I,I,I,I,I,I,I,I,I
A,I,I,I,I,I,I,I,I,I,I,I,I,I,I,I,I,I,I,I,I,I
B,F,F,F,F,F,F,F,F,F,I,A,I,A,I,A,A,A,I,A,A,A
C,I,I,I,I,C,I,I,I,I,C,I,I,I,I,I,I,I,I,I,I,I
D,H,H,H,H,H,H,H,H,D,H,H,H,D,H,H,H,H,H,H,H,H
E,H,H,H,H,H,E,H,H,E,H,H,H,H,E,H,H,E,H,H,H,H
F,I,I,H,I,F,F,F,F,F,F,I,I,I,I,I,I,I,I,I,I,I
G,I,I,I,I,I,I,I,I,I,I,I,I,I,I,I,I,I,I,I,I,I
H,I,I,I,H,I,I,I,I,I,I,I,I,I,I,I,I,I,I,I,I,I
I,I,I,I,I,I,I,I,I,I,I,I,I,I,I,I,I,I,I,I,I,I
J,I,I,I,I,I,I,I,I,I,I,I,I,I,I,I,I,I,I,I,I,I
A,D,D,I,I,I,I,I,I,I,I,I,I,I,I,I,I,I,I,I,I,I
B,I,I,I,I,I,I,I,I,I,I,I,I,I,I,I,I,I,I,I,I,I
C,D,D,D,D,C,C,C,C,C,C,C,C,C,C,A,C,A,A,I,I,A
D,I,I,I,I,I,I,I,I,I,I,I,I,I,I,I,I,I,I,I,I,I
E,I,I,I,I,I,I,I,I,I,I,I,I,I,I,I,I,I,I,I,I,I
F,E,I,E,E,I,E,I,E,I,E,I,I,I,I,I,I,I,I,I,I,I
G,I,I,I,I,I,I,G,I,I,I,I,I,I,I,I,I,I,I,I,I,I
H,D,I,H,H,H,H,H,H,H,H,H,H,H,I,I,I,I,I,I,I,I
I,C,C,C,C,C,C,C,I,C,C,C,C,C,C,C,C,C,C,C,C,C
J,E,E,J,J,J,J,J,J,J,J,J,I,I,I,I,I,I,I,I,I,I
A,F,I,I,G,G,I,I,I,I,I,I,I,I,I,I,I,I,I,I,I,I
B,I,A,I,I,I,B,B,B,B,B,B,B,I,I,B,I,I,I,B,I,I
C,I,I,I,I,I,I,I,I,I,I,I,I,I,I,I,I,I,I,I,I,I
D,C,C,D,D,D,D,D,D,D,D,D,D,D,D,D,D,D,D,D,D,D
E,C,E,E,E,E,E,E,E,E,E,E,E,E,C,C,C,I,I,I,I,C
F,I,I,I,I,I,I,I,I,I,I,I,I,I,I,I,I,I,I,I,I,I
G,I,I,I,I,G,I,I,I,I,I,I,I,I,I,I,I,I,I,I,I,I
H,I,I,I,I,I,I,I,I,I,I,I,I,I,I,I,I,I,I,I,I,I
I,I,I,I,I,I,I,I,I,I,I,I,I,I,I,I,I,I,I,I,I,I
J,I,I,I,I,I,I,I,I,I,I,I,I,I,I,I,I,I,I,I,I,I
A,E,E,E,E,E,E,E,E,E,E,E,E,E,E,E,E,E,E,E,E,E
B,F,I,I,I,I,I,I,I,I,I,I,I,I,I,I,A,I,I,I,A,A
C,I,I,I,C,I,C,I,I,I,I,I,I,I,I,I,I,I,I,I,I,I
D,F,F,I,F,D,D,D,D,D,D,D,D,D,D,D,D,D,I,I,I,I
E,E,E,E,E,E,E,E,E,E,E,E,E,E,E,E,E,E,E,E,I,I
F,C,C,F,I,F,F,F,F,F,F,F,F,F,F,I,I,I,I,F,I,I
G,C,C,C,I,I,I,C,I,I,C,C,I,I,I,I,I,I,I,I,I,I
H,I,I,I,I,E,I,I,I,I,I,I,I,I,I,I,I,I,I,I,I,I
I,I,I,I,I,I,I,I,I,I,I,I,I,I,I,I,I,I,I,I,I,I
J,D,D,D,D,D,D,D,D,D,D,I,D,D,I,I,I,D,D,D,D,D
A,H,I,D,A,I,D,A,A,I,I,A,I,I,I,I,I,I,I,I,I,I
B,I,I,B,B,B,B,B,B,I,A,A,A,I,I,A,I,A,A,A,A,A
C,I,I,I,C,I,I,I,I,C,I,I,I,I,I,I,I,I,I,I,I,I
D,D,D,D,D,D,D,D,D,D,D,D,D,D,D,D,D,D,D,D,D,I
E,I,I,I,E,I,E,I,I,I,I,I,I,I,I,I,I,I,I,I,I,I
F,I,I,I,I,I,I,I,I,I,I,I,I,I,I,I,I,I,I,I,I,I
G,D,D,D,I,I,I,I,I,I,I,I,I,I,I,I,I,I,I,I,I,I
H,I,I,H,H,H,H,H,H,H,H,H,H,H,H,H,H,H,H,I,H,I
I,C,I,I,I,I,I,I,I,I,I,I,I,I,I,I,I,I,I,I,I,I
J,G,C,I,C,G,I,C,I,I,I,I,I,I,I,I,I,I,A,I,I,I
A,I,I,I,I,I,I,I,I,I,I,I,I,I,I,I,I,I,I,I,I,I
B,I,I,I,I,I,I,I,I,I,I,I,I,I,I,I,I,I,I,I,I,I
C,I,I,I,I,I,I,I,I,I,I,I,I,I,I,I,I,I,I,I,I,I
D,I,I,I,I,I,I,I,I,I,I,I,I,I,I,I,I,I,I,I,I,I
E,H,H,H,I,I,I,E,I,I,E,I,I,I,I,I,I,I,I,I,I,I
F,D,D,F,F,F,F,F,F,F,F,F,F,F,F,F,I,F,F,I,I,I
G,I,I,I,I,I,G,G,G,I,I,I,I,I,I,I,I,I,I,I,I,I
H,I,I,I,I,I,I,I,I,I,I,I,I,I,I,I,I,I,I,I,I,I
I,I,I,I,I,I,I,I,I,I,I,I,I,I,I,I,I,I,I,I,I,I
J,C,C,I,I,I,I,I,I,I,I,I,I,I,I,I,I,I,I,I,I,I
A,C,I,A,A,A,A,A,A,A,A,A,A,A,A,A,A,A,A,A,A,A
B,I,I,I,I,I,I,I,I,I,I,I,I,I,I,I,I,I,I,I,I,I
C,I,I,I,I,I,I,I,I,C,I,I,I,I,I,I,I,I,I,I,I,I
D,E,A,D,D,D,D,D,D,D,D,D,I,I,A,I,I,I,A,A,A,A
E,I,E,E,E,E,E,E,E,E,E,E,E,E,E,E,E,E,E,I,E,E
F,I,I,I,I,I,I,I,I,I,I,I,I,I,I,I,I,I,I,I,I,I
G,F,F,F,F,F,F,F,F,G,G,G,G,F,G,G,F,F,F,F,F,F
H,E,H,H,H,H,H,H,H,H,H,H,H,H,H,H,H,H,H,H,H,I
I,I,I,I,I,I,I,I,I,I,I,I,I,I,I,I,I,I,I,I,I,I
J,I,I,I,I,I,I,I,I,I,I,I,I,I,I,I,I,I,I,I,I,I
A,H,I,I,I,I,I,I,I,I,I,I,I,I,I,I,I,I,I,I,I,I
B,I,I,I,I,I,I,I,I,I,I,I,I,I,I,I,I,I,I,I,I,I
C,I,I,I,I,I,I,I,I,C,I,I,I,I,I,I,I,I,I,I,I,I
D,F,F,D,D,D,D,D,D,D,D,D,D,D,D,D,D,I,D,I,C,I
E,C,C,E,I,E,E,E,E,E,E,E,E,C,C,C,C,I,C,I,I,C
F,H,H,F,F,F,F,F,F,F,F,F,F,I,I,I,I,I,I,I,I,I
G,I,I,G,G,G,G,G,G,G,G,G,G,G,G,I,G,I,I,I,I,I
H,I,I,I,I,H,H,H,H,I,I,I,I,I,H,I,I,I,I,I,I,I
I,I,I,I,I,I,I,I,I,I,I,I,I,I,I,I,I,I,I,I,I,I
J,I,I,J,I,I,I,I,I,I,I,I,I,I,I,I,I,I,I,I,I,I
A,H,A,A,A,A,A,A,A,A,A,A,A,A,A,A,A,A,A,A,A,A
B,I,I,I,I,I,I,A,A,I,I,A,A,I,I,I,A,A,A,A,I,I
C,A,A,C,C,C,C,C,C,C,C,C,A,C,C,I,C,A,I,I,A,I
D,I,I,D,D,D,D,D,D,D,D,D,D,I,I,I,I,I,I,I,I,I
E,E,E,E,E,E,E,E,E,E,E,E,E,E,E,E,E,E,E,E,E,E
F,I,I,I,I,I,I,I,I,I,I,I,I,I,I,I,I,I,I,I,I,I
G,I,I,I,I,I,I,I,I,I,I,I,I,I,I,I,I,I,I,I,I,I
H,I,I,I,I,I,I,I,I,I,I,I,I,I,I,I,I,I,I,I,I,I
I,I,I,I,I,I,I,I,I,I,I,I,I,I,I,I,I,I,I,I,I,I
J,I,I,I,I,I,I,I,I,I,I,I,I,I,I,I,I,I,I,I,I,I
A,G,I,A,A,A,A,A,A,A,A,A,A,A,A,A,A,A,I,A,A,A
B,I,I,C,C,C,C,C,I,I,C,I,I,I,I,I,I,I,I,I,I,I
C,I,I,D,I,C,C,C,C,I,I,I,I,I,A,I,I,I,I,I,I,I
D,A,A,D,D,D,D,D,D,D,D,D,D,D,D,A,A,D,D,A,A,A
E,I,I,I,I,I,I,I,I,I,I,I,I,I,I,I,I,I,I,I,I,I
F,D,D,F,F,F,F,F,F,F,F,F,F,F,F,I,F,F,F,I,F,I
G,F,F,F,G,G,G,G,G,G,G,G,G,G,G,G,G,G,I,I,I,I
H,I,H,H,H,H,H,H,H,H,H,H,H,H,I,I,I,I,I,I,I,I
I,I,I,I,I,I,I,I,I,I,I,I,I,I,I,I,I,I,I,I,I,I
J,I,I,I,I,I,I,I,I,I,I,I,I,I,I,I,I,I,I,I,I,I
A,I,I,I,I,I,I,I,I,I,I,I,I,I,I,I,I,I,I,I,I,I
B,I,I,I,I,I,I,I,B,I,I,I,I,I,I,I,I,I,I,I,I,I
C,I,I,I,I,I,I,I,I,I,I,I,I,I,I,I,I,I,I,I,I,I
D,D,D,D,D,D,D,D,D,D,D,D,D,D,D,D,D,D,D,D,D,D
E,I,I,I,I,E,E,E,E,I,I,I,I,I,I,I,I,I,I,I,I,I
F,I,I,I,I,I,I,I,I,I,I,I,I,I,I,I,I,I,I,I,I,I
G,I,I,I,G,I,I,I,I,I,I,I,I,I,I,I,I,I,I,I,I,I
H,H,H,H,H,H,H,H,H,H,H,H,H,H,H,H,H,H,H,H,H,H
I,I,I,I,I,I,I,I,I,I,I,I,I,I,I,I,I,I,I,I,I,I
J,I,I,I,I,I,I,I,C,I,I,I,I,I,I,I,I,I,I,I,I,I
A,D,D,D,I,A,A,A,A,A,A,A,I,I,I,I,I,A,A,I,I,I
B,I,I,I,I,B,I,B,B,I,B,I,I,I,I,I,I,I,I,I,I,I
C,G,C,C,C,C,C,C,C,C,C,C,C,I,I,I,I,I,I,I,I,I
D,A,A,D,D,D,D,D,D,D,D,D,I,D,I,A,I,A,I,I,A,I
E,C,I,E,E,E,E,E,E,E,E,I,E,E,E,E,E,E,I,I,I,I
F,E,E,E,E,E,E,E,F,E,E,E,F,E,E,E,E,E,E,I,E,E
G,I,I,I,I,I,I,I,I,I,I,I,I,I,I,I,I,I,I,I,I,I
H,E,H,H,H,H,H,H,H,H,H,H,H,H,H,I,H,I,I,I,I,I
I,H,H,I,I,I,I,I,I,I,I,I,I,I,I,I,I,I,I,I,I,I
J,I,I,I,I,I,I,I,I,I,I,I,I,I,I,I,I,I,I,I,I,I
A,I,H,I,A,A,A,A,A,A,A,A,I,A,A,A,A,A,A,A,A,A
B,I,I,I,I,I,I,I,I,I,I,I,I,I,I,I,I,I,I,I,I,I
C,I,I,C,C,C,C,C,C,C,C,C,C,C,C,C,I,I,C,I,I,I
D,E,E,I,I,I,D,I,I,D,D,I,I,I,I,I,I,I,I,I,I,I
E,D,D,D,E,E,E,E,E,E,E,E,E,E,I,D,D,D,I,I,D,I
F,I,I,I,I,I,I,I,I,I,I,I,I,I,I,I,I,I,I,I,I,I
G,D,D,D,D,G,D,D,D,G,G,G,I,I,I,I,I,I,I,I,I,I
H,D,D,D,I,I,I,I,H,I,I,I,I,I,I,I,I,I,I,I,I,I
I,I,I,I,I,I,I,I,I,I,I,I,I,I,I,I,I,I,I,I,I,I
J,H,I,I,I,I,I,I,I,I,I,I,I,I,I,I,I,I,I,I,I,I
A,I,I,I,I,I,I,I,I,I,I,I,I,I,I,I,I,I,I,I,I,I
B,I,I,I,I,I,I,I,I,I,I,I,I,I,I,I,I,I,I,I,I,I
C,C,C,C,C,C,C,C,C,C,C,C,C,C,C,C,C,I,I,C,C,I
D,I,I,D,D,D,D,D,D,D,D,D,D,I,I,I,I,I,D,I,I,I
E,C,E,E,E,E,E,E,E,E,E,E,I,E,E,I,E,I,I,I,I,I
F,A,A,A,A,I,A,A,F,I,I,A,I,A,A,I,I,A,A,I,I,I
G,I,I,G,I,G,I,I,G,I,I,I,G,I,I,I,I,I,I,I,I,I
H,I,I,H,I,H,H,H,H,H,H,H,H,I,I,I,I,I,I,I,I,I
I,I,I,I,I,I,I,I,I,I,I,I,I,I,I,I,I,I,I,I,I,I
J,E,I,I,I,I,I,I,I,I,I,I,I,I,I,I,I,I,I,I,I,I
A,I,I,I,I,I,I,A,A,A,A,A,I,I,I,A,A,A,I,I,I,I
B,F,I,F,I,I,I,I,I,I,I,I,I,I,I,I,I,I,I,I,I,I
C,I,I,C,C,C,C,C,C,C,C,C,C,C,I,C,C,C,I,I,I,I
D,I,I,I,I,I,I,I,I,I,I,I,I,I,I,I,I,I,I,I,I,I
E,I,I,I,I,I,E,I,I,E,E,I,I,I,I,I,I,I,I,I,I,I
F,I,I,I,F,F,F,F,F,F,I,I,I,I,I,I,I,I,I,I,I,I
G,F,F,F,G,G,G,G,G,G,G,G,G,G,G,G,G,I,I,I,F,I
H,I,I,I,I,I,I,I,I,I,I,I,I,I,I,I,I,I,I,I,I,I
I,A,I,I,I,I,I,I,I,I,I,I,I,I,I,I,I,I,I,I,I,I
J,I,I,I,I,I,I,I,I,I,I,I,I,I,I,I,I,I,I,I,I,I
A,I,I,I,A,I,I,I,I,I,I,I,I,I,I,I,I,I,I,I,I,I
B,I,I,I,I,I,I,I,I,I,I,I,I,I,I,I,I,I,I,I,I,I
C,I,I,I,C,C,C,C,C,C,C,I,C,I,I,I,I,C,I,I,I,I
D,I,I,I,D,D,D,D,I,D,D,I,I,D,I,I,I,I,I,I,I,I
E,C,I,I,I,I,I,I,I,E,I,I,I,I,I,I,I,I,I,I,I,I
F,I,I,I,I,F,I,I,I,I,I,I,I,I,I,I,I,I,I,I,I,I
G,G,G,G,G,G,G,G,G,G,G,G,G,I,G,G,G,G,G,G,G,I
H,E,E,I,I,E,I,H,H,I,I,I,E,I,I,I,I,I,I,I,I,I
I,G,G,G,I,I,I,I,I,I,I,I,I,I,I,I,I,I,I,I,I,I
J,I,J,J,J,J,J,J,J,J,J,J,J,J,J,J,J,J,J,I,J,J
A,E,A,A,A,A,A,A,A,A,A,A,A,A,A,A,A,A,A,A,A,A
B,I,I,E,E,E,E,E,I,E,I,C,I,A,A,E,A,A,I,I,I,A
C,I,I,I,I,I,I,I,I,I,I,I,I,I,I,I,I,I,I,I,I,I
D,H,I,I,D,D,D,D,D,D,D,D,D,I,I,I,D,I,I,D,I,I
E,I,I,I,I,C,I,I,I,I,I,I,I,I,I,I,I,I,I,I,I,I
F,I,I,I,I,I,I,I,I,I,I,I,I,I,I,I,I,I,I,I,I,I
G,I,I,I,I,I,I,I,I,I,I,I,I,I,I,I,I,I,I,I,I,I
H,D,I,I,I,I,I,I,I,I,I,I,I,I,I,I,I,I,I,I,I,I
I,I,I,I,I,I,I,I,I,I,I,I,I,I,I,I,I,I,I,I,I,I
J,D,I,I,J,I,I,E,I,E,E,E,I,I,I,I,I,I,I,I,I,E
A,B,B,B,B,B,B,B,B,B,B,B,B,B,B,I,B,I,I,I,B,I
B,E,I,E,E,I,E,I,I,I,I,I,I,I,I,I,I,I,I,I,I,I
C,I,I,I,I,C,C,I,C,C,I,I,I,I,I,I,I,I,I,I,I,I
D,F,F,I,I,I,I,I,I,I,I,I,I,I,I,I,I,I,I,I,I,I
E,I,I,I,I,I,I,I,I,I,I,I,I,I,I,I,I,I,I,I,I,I
F,D,D,I,I,I,F,F,F,I,I,I,I,I,I,F,F,I,F,I,I,I
G,I,I,I,I,I,I,I,I,G,I,I,I,I,I,I,I,I,I,I,I,I
H,I,I,I,I,I,I,I,I,I,I,I,I,I,I,I,I,I,I,I,I,I
I,D,D,I,I,I,I,I,I,I,I,I,I,I,I,I,I,I,I,I,I,I
J,I,I,I,I,I,I,I,I,I,I,I,I,I,I,I,I,I,I,I,I,I
A,H,I,I,I,I,I,I,A,I,I,I,I,I,I,I,I,I,I,I,I,I
B,E,I,C,B,B,B,A,B,A,A,A,A,A,A,A,A,A,I,A,A,A
C,I,I,I,I,I,I,I,I,C,I,I,I,I,I,I,I,I,I,I,I,I
D,I,I,I,I,I,I,I,I,I,I,I,I,I,I,I,I,I,I,I,I,I
E,C,I,E,E,E,E,E,E,I,I,I,I,I,I,I,I,I,I,I,I,I
F,C,C,F,F,F,F,F,F,F,F,F,F,F,F,F,I,I,I,I,I,I
G,I,I,I,I,I,I,I,I,I,I,I,I,I,I,I,I,I,I,I,I,I
H,I,I,I,I,I,I,I,I,I,I,I,I,I,I,I,I,I,I,I,I,I
I,I,I,I,I,I,I,I,I,I,I,I,I,I,I,I,I,I,I,I,I,I
J,F,I,I,I,F,I,F,I,I,I,I,I,I,I,I,I,I,I,I,I,I
A,I,I,I,I,A,A,I,A,I,I,I,I,I,I,I,I,A,I,I,I,I
B,I,I,I,I,I,B,B,B,I,I,I,I,I,I,I,I,I,I,I,I,I
C,E,E,C,C,C,C,C,C,C,C,C,C,C,C,C,I,C,C,I,I,I
D,I,I,D,D,D,D,D,D,D,D,D,D,D,D,D,D,D,D,D,I,D
E,I,I,I,I,E,E,E,E,E,E,I,I,I,I,I,I,I,I,I,I,I
F,I,I,F,F,F,F,F,F,F,F,I,I,F,F,F,I,I,I,I,I,I
G,I,I,I,I,D,I,I,I,I,I,I,I,I,I,I,I,I,I,I,I,I
H,I,I,I,I,I,I,I,I,I,I,I,I,I,I,I,I,I,I,I,I,I
I,C,C,I,I,I,I,I,I,I,I,I,I,I,I,I,I,I,I,I,I,I
J,I,I,I,I,I,I,I,I,I,I,I,I,I,I,I,I,I,I,I,I,I
A,E,E,E,E,E,E,E,E,E,E,A,A,A,E,E,E,E,E,E,E,E
B,H,I,I,I,I,B,I,B,B,I,I,I,I,I,I,I,I,I,I,I,I
C,I,C,C,C,C,C,C,C,C,C,C,C,C,C,C,I,I,I,I,I,I
D,G,G,G,G,G,G,G,G,G,G,G,G,G,G,I,G,G,I,I,I,I
E,I,A,E,E,E,E,E,E,E,E,E,E,E,E,E,I,I,I,I,I,I
F,I,I,I,I,I,I,I,I,I,I,I,I,I,I,I,I,I,I,I,I,I
G,H,H,G,G,G,G,G,G,G,G,G,G,G,I,I,I,I,I,I,I,I
H,I,I,I,I,I,I,I,I,I,I,I,I,I,I,I,I,I,I,I,I,I
I,I,I,I,I,I,I,I,I,I,I,I,I,I,I,I,I,I,I,I,I,I
J,A,I,J,J,J,J,J,J,J,J,I,I,J,I,I,I,I,I,I,I,I
A,I,I,I,I,I,I,I,I,I,I,I,I,I,I,I,I,I,I,I,I,I
B,A,A,B,B,B,A,A,A,A,A,A,A,A,A,A,A,A,A,A,A,A
C,G,G,C,C,C,C,C,C,C,I,G,C,G,I,I,I,I,I,I,I,I
D,I,I,I,I,I,I,I,I,I,I,I,I,I,I,I,I,I,I,I,I,I
E,I,I,I,I,I,I,I,I,I,I,I,I,I,I,I,I,I,I,I,I,I
F,A,A,A,A,F,F,F,F,F,F,F,F,F,I,F,A,A,A,A,I,A
G,I,I,I,I,I,I,I,I,I,I,I,I,I,I,I,I,I,I,I,I,I
H,D,D,D,D,D,D,D,D,D,D,I,D,D,D,D,D,D,I,I,I,D
I,I,I,I,I,I,I,I,I,I,I,I,I,I,I,I,I,I,I,I,I,I
J,F,F,F,F,F,F,F,F,F,F,F,F,F,F,F,I,I,F,F,I,F
A,I,I,I,I,I,I,I,I,I,I,I,I,I,I,I,I,I,I,I,I,I
B,I,I,I,C,I,I,I,I,I,I,I,I,I,I,I,I,I,I,I,I,I
C,D,D,D,I,I,I,I,I,I,I,I,I,I,I,I,I,I,I,I,I,I
D,I,I,I,D,D,D,I,I,I,I,I,I,I,I,I,I,I,I,I,I,I
E,A,A,I,I,I,I,I,I,E,I,I,I,I,E,I,I,I,I,E,I,I
F,I,I,I,I,I,I,I,I,I,I,I,I,I,I,I,I,I,I,I,I,I
G,I,I,I,I,I,G,I,G,G,I,I,I,I,I,I,I,I,I,I,I,I
H,G,G,I,I,I,I,I,I,I,I,I,I,I,I,I,I,I,I,I,I,I
I,D,I,I,I,I,I,I,I,I,I,I,I,I,I,I,I,I,I,I,I,I
J,I,I,I,I,I,I,I,I,I,I,I,I,I,I,I,I,I,I,I,I,I
A,I,E,I,A,A,A,A,A,A,A,A,A,A,A,A,A,A,I,I,A,B
B,D,I,I,I,I,I,I,I,I,I,I,I,I,I,I,I,I,I,I,I,I
C,E,E,C,C,C,C,C,C,C,C,C,C,C,C,I,C,I,I,I,I,I
D,I,I,D,I,D,D,D,D,D,I,D,D,I,D,I,I,I,I,I,I,I
E,G,G,E,E,E,E,E,E,E,E,E,E,E,E,E,E,E,E,I,I,I
F,I,I,I,I,I,I,I,I,I,I,I,I,I,I,I,I,I,I,I,I,I
G,I,I,I,I,I,I,I,I,I,I,I,I,I,I,I,I,I,I,I,I,I
H,D,D,H,H,H,H,H,H,H,I,H,I,H,I,I,I,I,I,D,I,I
I,I,I,I,I,I,I,I,I,I,I,I,I,I,I,I,I,I,I,I,I,I
J,I,I,I,I,I,I,I,I,I,I,I,I,I,I,I,I,I,I,I,I,I
A,I,I,I,I,I,I,I,I,I,I,I,I,I,I,I,I,I,I,I,I,I
B,I,I,I,I,B,B,B,B,I,B,I,I,I,I,I,I,I,I,I,I,I
C,I,I,I,I,I,I,I,I,I,I,I,I,I,I,I,I,I,I,I,I,I
D,E,E,E,I,E,A,E,E,E,D,D,D,D,D,I,I,I,I,I,I,I
E,F,F,H,H,E,E,E,E,I,E,E,E,I,I,I,I,I,I,I,I,I
F,I,I,I,I,F,I,I,I,F,I,I,I,I,I,I,I,I,I,I,I,I
G,C,C,I,I,I,I,I,I,I,I,I,I,I,I,I,I,I,I,I,I,I
H,I,I,I,I,I,I,I,I,I,I,I,I,I,I,I,I,I,I,I,I,I
I,A,A,I,I,I,I,I,I,I,I,I,I,I,I,I,I,I,I,I,I,I
J,I,I,I,I,I,I,I,I,I,I,I,I,I,I,I,I,I,I,I,I,I
A,I,A,A,A,A,A,A,A,A,A,A,A,A,A,A,A,A,A,A,A,A
B,I,I,I,I,I,I,I,I,I,I,I,I,I,I,I,I,I,I,I,I,I
C,C,I,C,C,C,C,C,C,C,C,C,C,C,C,C,C,I,C,I,I,I
D,I,I,I,I,I,I,I,I,I,I,I,I,I,I,I,I,I,I,I,I,I
E,B,B,I,E,I,E,E,E,E,E,E,I,I,I,E,I,E,I,I,I,I
F,I,I,I,I,I,I,I,I,I,I,I,I,I,I,I,I,I,I,I,I,I
G,I,G,G,G,G,I,G,I,I,I,I,I,I,I,I,I,I,I,I,I,I
H,C,I,H,H,H,H,H,H,H,H,H,H,H,I,H,I,I,I,I,I,I
I,I,I,I,I,I,I,I,I,I,I,I,I,I,I,I,I,I,I,I,I,I
J,I,I,I,I,I,I,I,I,I,I,I,I,I,I,I,I,I,I,I,I,I
A,I,I,I,C,I,I,I,I,I,I,I,I,I,I,I,I,I,I,I,I,I
B,C,C,C,B,B,B,B,C,I,B,B,I,C,I,I,C,I,I,C,I,I
C,I,D,I,I,I,I,I,I,I,I,I,I,I,I,I,I,I,I,I,I,I
D,I,I,I,I,I,I,E,I,I,I,I,I,I,I,I,I,I,I,I,I,I
E,B,I,I,I,I,I,I,I,I,I,I,I,I,I,I,I,I,I,I,I,I
F,I,I,F,F,F,F,F,F,I,I,F,I,I,I,I,I,I,I,I,I,I
G,I,I,I,I,I,I,I,I,I,I,I,I,I,I,I,I,I,I,I,I,I
H,I,I,I,I,I,I,I,I,I,I,I,I,I,I,I,I,I,I,I,I,I
I,I,I,I,I,I,I,I,I,I,I,I,I,I,I,I,I,I,I,I,I,I
J,F,F,F,F,F,F,I,F,I,I,F,F,I,F,I,F,F,F,F,I,F
A,I,I,I,I,I,I,I,I,I,I,I,I,I,I,I,I,I,I,I,I,I
B,I,C,C,C,I,I,C,C,C,C,C,C,C,C,C,C,I,C,I,C,C
C,C,C,C,C,C,C,C,C,C,C,C,C,C,C,C,C,C,C,I,I,C
D,I,D,D,D,D,D,D,D,D,D,I,I,I,I,I,I,I,I,I,I,I
E,I,I,I,I,I,I,I,I,I,I,I,I,I,I,I,I,I,I,I,I,I
F,I,I,I,I,I,I,I,I,I,I,I,I,I,I,I,I,I,I,I,I,I
G,I,I,I,I,G,I,G,I,G,I,I,I,I,I,I,I,I,I,I,I,I
H,D,D,D,D,D,D,D,I,H,H,H,I,D,I,I,I,I,I,I,I,I
I,I,I,I,I,I,I,I,I,I,I,I,I,I,I,I,I,I,I,I,I,I
J,C,C,I,I,I,C,C,C,I,I,I,I,I,I,I,I,I,I,I,I,I
A,I,I,I,I,I,I,I,I,I,I,I,I,I,I,I,I,I,I,I,I,I
B,I,I,I,I,I,I,I,I,I,I,I,I,I,I,I,I,I,I,I,I,I
C,I,I,C,C,C,C,I,C,C,C,C,I,I,I,I,I,I,I,C,I,I
D,I,I,I,I,I,I,I,I,I,I,I,I,I,I,I,I,I,I,I,I,I
E,I,I,E,I,I,E,E,E,E,I,I,I,I,I,E,I,I,I,I,I,I
F,I,D,I,D,D,D,I,D,I,D,I,I,I,I,D,I,I,I,I,I,I
G,E,G,G,G,G,G,G,G,G,G,G,G,G,G,G,G,G,G,I,G,I
H,F,H,H,H,H,H,H,H,H,H,H,H,H,H,H,H,H,H,H,H,H
I,D,D,I,I,I,I,I,I,I,I,I,I,I,I,I,I,I,I,I,I,I
J,B,I,I,I,I,I,I,I,I,I,I,I,I,I,I,I,I,I,I,I,I
A,I,C,C,I,C,C,C,C,I,I,C,I,I,I,I,I,I,I,I,I,I
B,I,I,I,I,I,I,I,I,I,I,I,I,I,I,I,I,I,I,I,I,I
C,H,H,C,C,C,C,C,C,C,C,C,C,C,C,C,H,C,C,H,H,I
D,C,I,I,I,I,D,I,D,D,I,I,I,I,I,I,I,I,I,I,I,I
E,I,I,I,I,I,I,E,I,E,I,I,I,I,I,I,I,I,I,I,I,I
F,I,D,F,F,F,I,F,F,F,F,F,F,F,F,I,I,I,I,I,I,I
G,I,I,I,I,I,I,I,I,I,I,I,I,I,I,I,I,I,I,I,I,I
H,H,H,I,I,H,H,H,H,H,I,H,I,I,I,I,I,I,I,I,I,I
I,A,I,I,I,I,I,I,I,I,I,I,I,I,I,I,I,I,I,I,I,I
J,I,I,I,I,I,I,I,I,I,I,I,I,I,I,I,I,I,I,I,I,I
A,I,I,I,I,I,I,I,I,I,I,I,I,I,I,I,I,I,I,I,I,I
B,I,I,I,I,I,I,I,I,I,I,I,I,I,I,I,I,I,I,I,I,I
C,I,I,I,I,I,I,I,I,I,I,I,I,I,I,I,I,I,I,I,I,I
D,I,C,I,D,D,D,D,D,D,I,I,I,I,I,I,I,I,I,I,I,I
E,E,E,E,E,E,E,E,E,E,E,E,I,I,E,E,E,E,E,I,I,I
F,I,I,I,I,I,I,I,I,I,I,I,I,I,I,I,I,I,I,I,I,I
G,I,I,I,I,I,I,G,I,I,I,I,I,I,I,I,I,I,I,I,I,I
H,I,I,I,I,I,I,I,D,I,I,I,I,I,I,I,I,I,I,I,I,I
I,C,C,I,I,I,I,I,I,I,I,I,I,I,I,I,I,I,I,I,I,I
J,C,C,C,C,J,J,J,J,C,C,C,C,C,C,C,I,C,C,I,I,I
A,F,I,I,I,I,I,I,I,I,I,I,I,I,I,I,I,I,I,I,I,I
B,I,I,I,I,I,I,I,I,B,I,I,I,I,I,I,I,I,I,I,I,I
C,I,I,I,I,I,C,I,I,I,C,I,I,I,I,I,I,I,I,I,I,I
D,D,D,D,D,I,D,D,D,D,I,I,I,I,I,I,I,I,I,I,I,I
E,D,I,I,E,E,E,I,E,E,I,I,I,I,I,I,I,I,I,I,I,I
F,I,E,I,I,I,E,E,I,I,I,I,I,I,I,I,I,I,I,I,I,I
G,I,I,I,I,I,I,I,I,I,I,I,I,I,I,I,I,I,I,I,I,I
H,C,H,H,H,H,H,H,H,H,H,H,H,H,H,H,H,H,H,I,I,I
I,I,I,I,I,I,I,I,I,I,I,I,I,I,I,I,I,I,I,I,I,I
J,E,I,J,I,I,I,I,I,I,I,I,I,I,I,I,I,I,I,I,I,I
A,I,D,D,I,I,D,I,I,I,I,I,I,I,I,I,I,I,I,I,I,I
B,I,I,I,I,I,I,I,I,I,I,I,I,I,I,I,I,I,I,I,I,I
C,I,I,C,C,C,I,C,C,I,C,I,I,I,I,C,C,I,I,I,I,I
D,C,D,D,D,D,D,D,D,D,D,D,D,D,D,D,D,D,D,I,D,D
E,D,D,E,E,E,E,E,E,E,E,E,E,E,E,E,E,E,E,E,I,E
F,I,I,I,I,I,I,I,I,I,I,I,I,I,I,I,I,I,I,I,I,I
G,H,H,H,G,G,G,G,G,G,G,I,I,I,H,I,I,I,I,I,I,I
H,I,I,I,I,I,I,I,I,I,I,I,I,I,I,I,I,I,I,I,I,I
I,I,I,I,I,I,I,I,I,I,I,I,I,I,I,I,I,I,I,I,I,I
J,I,I,I,I,I,I,I,I,I,I,I,I,I,I,I,I,I,I,I,I,I
A,I,I,I,I,I,I,I,I,I,I,I,I,I,I,I,I,I,I,I,I,I
B,E,E,I,I,I,I,I,I,B,I,I,I,I,I,I,I,I,I,I,I,I
C,E,E,C,C,C,C,C,C,C,C,C,C,C,C,C,A,A,A,C,I,A
D,I,I,I,I,I,I,I,I,I,I,I,D,I,I,I,I,I,I,I,I,I
E,I,I,E,E,I,E,I,E,I,I,I,I,I,I,I,I,I,I,I,I,I
F,I,I,I,I,F,F,I,I,I,F,I,I,I,I,I,I,I,I,I,I,I
G,D,D,I,I,I,D,I,I,I,I,I,I,I,I,I,I,I,I,I,I,I
H,I,I,I,I,I,I,I,I,I,I,I,I,I,I,I,I,I,I,I,I,I
I,E,I,I,I,I,I,I,I,I,I,I,I,I,I,I,I,I,I,I,I,I
J,E,I,E,I,I,I,I,E,I,I,I,I,I,I,I,I,I,I,I,I,I
A,C,I,A,A,A,A,A,A,A,A,A,I,A,A,A,A,A,I,I,I,I
B,I,C,C,C,I,I,I,I,I,I,I,I,I,I,I,I,A,I,I,I,I
C,D,C,C,C,C,C,C,C,C,C,C,C,C,C,C,C,C,C,C,C,I
D,C,C,D,D,D,D,D,D,D,D,D,D,D,D,D,D,I,I,D,I,I
E,I,I,I,I,I,E,I,I,I,I,I,I,I,I,I,I,I,I,I,I,I
F,I,I,I,I,I,I,I,F,I,I,I,I,I,I,I,I,I,I,I,I,I
G,I,I,I,I,I,I,G,I,I,I,I,I,I,I,I,I,I,I,I,I,I
H,I,I,I,I,I,I,I,I,I,I,I,I,I,I,I,I,I,I,I,I,I
I,I,I,I,I,I,I,I,I,I,I,I,I,I,I,I,I,I,I,I,I,I
J,I,I,I,I,I,I,I,I,I,I,I,I,I,I,I,I,I,I,I,I,I
A,E,E,E,E,E,E,E,E,E,E,E,E,E,E,E,A,E,E,E,E,E
B,I,D,I,I,I,I,I,I,I,I,C,I,I,A,I,I,I,I,I,I,A
C,I,I,I,C,I,I,I,I,C,I,C,I,I,I,I,I,I,I,I,I,I
D,F,F,D,D,D,D,D,D,D,D,D,D,D,D,D,D,D,D,D,D,D
E,I,I,I,E,E,I,E,I,E,I,I,I,I,I,I,I,I,I,I,I,I
F,I,I,I,I,I,I,I,I,I,I,I,I,I,I,I,I,I,I,I,I,I
G,G,G,G,G,G,G,G,G,G,G,G,G,G,G,G,G,G,G,G,G,I
H,E,I,I,I,I,I,I,I,I,I,I,I,I,I,I,I,I,I,I,I,I
I,A,I,I,I,I,I,I,I,I,I,I,I,I,I,I,I,I,I,I,I,I
J,H,H,I,I,I,I,I,I,J,I,I,I,I,I,I,I,I,I,I,I,I
A,I,I,A,A,I,A,A,I,A,I,I,I,I,I,I,I,I,I,I,I,I
B,I,I,I,I,I,C,I,I,I,I,I,C,I,I,I,I,I,I,I,I,I
C,D,I,I,I,C,C,I,C,I,I,I,I,C,I,C,I,I,I,I,I,I
D,I,I,D,I,I,D,D,D,D,D,I,D,D,D,D,D,D,D,I,I,D
E,E,E,E,E,E,E,E,E,E,E,E,E,E,E,E,E,E,E,I,E,I
F,I,I,I,I,I,I,I,I,I,I,I,I,I,I,I,I,I,I,I,I,I
G,I,I,I,G,G,G,G,G,G,G,G,G,I,I,I,I,G,I,I,I,I
H,I,I,I,I,I,I,I,I,I,I,I,I,I,I,I,I,I,I,I,I,I
I,I,I,I,I,I,I,I,I,I,I,I,I,I,I,I,I,I,I,I,I,I
J,I,I,I,I,I,I,I,I,I,I,I,I,I,I,I,I,I,I,I,I,I
A,I,I,I,I,I,I,A,I,I,I,I,I,I,I,I,I,I,I,I,I,I
B,E,I,I,B,B,I,B,B,B,I,B,I,C,I,I,I,I,I,I,C,I
C,E,C,C,C,C,C,C,C,C,C,I,I,C,I,C,C,I,I,I,I,I
D,C,C,C,D,D,D,D,D,D,D,D,D,A,A,C,A,C,A,A,A,I
E,G,E,I,E,E,E,E,E,E,E,E,I,E,I,I,E,I,I,I,I,I
F,I,I,F,F,F,F,F,F,F,F,F,F,F,F,F,F,F,F,F,F,F
G,I,I,G,G,G,G,G,G,G,G,I,G,I,I,G,I,I,G,I,I,I
H,H,H,H,H,H,H,H,H,H,H,H,H,I,H,H,I,I,I,I,I,I
I,I,I,I,I,I,I,I,I,I,I,I,I,I,I,I,I,I,I,I,I,I
J,I,I,J,J,J,J,J,J,J,J,J,J,J,I,I,I,I,I,I,I,I
A,G,G,G,G,G,G,G,G,A,A,A,A,A,A,A,I,I,I,I,I,B
B,F,I,C,I,B,B,B,B,B,B,C,C,C,C,C,I,I,C,I,I,I
C,E,I,I,I,I,C,C,I,I,I,I,I,I,I,I,I,I,I,I,I,I
D,G,G,D,I,D,D,D,I,D,I,D,D,I,D,I,I,I,I,I,I,I
E,I,I,I,I,I,I,I,I,I,I,I,I,I,I,I,I,I,I,I,I,I
F,I,I,I,I,I,I,I,I,F,I,F,I,I,I,I,I,I,I,I,I,I
G,I,I,I,I,I,I,I,I,I,I,I,I,I,I,I,I,I,I,I,I,I
H,I,I,I,I,I,I,I,I,I,I,I,I,I,I,I,I,I,I,I,I,I
I,G,I,I,I,I,I,I,I,I,I,I,I,I,I,I,I,I,I,I,I,I
J,I,I,I,I,I,I,I,I,I,I,I,I,I,I,I,I,I,I,I,I,I
A,I,I,I,I,I,I,I,I,I,I,I,I,I,I,I,I,I,I,I,I,I
B,A,A,A,A,I,A,A,A,A,A,A,A,A,A,A,A,A,A,A,A,A
C,I,I,C,C,C,C,C,C,C,C,C,C,C,C,C,C,C,C,C,C,C
D,I,I,I,D,D,I,D,D,D,D,D,D,D,D,D,D,I,I,I,I,I
E,D,I,E,E,E,I,E,E,E,E,E,E,E,E,E,E,E,I,I,I,I
F,D,D,H,D,D,D,I,I,I,I,I,I,I,I,I,I,I,I,I,I,I
G,E,I,I,I,I,I,I,I,I,I,I,I,I,I,I,I,I,I,I,I,I
H,I,I,I,I,H,H,I,H,I,H,H,I,I,I,I,I,I,I,I,I,I
I,I,I,I,I,I,I,I,I,I,I,I,I,I,I,I,I,I,I,I,I,I
J,I,I,I,I,I,I,I,I,I,I,I,I,I,I,I,I,I,I,I,I,I
A,I,I,I,I,A,A,I,I,I,I,I,I,I,I,I,I,I,I,I,I,I
B,I,I,I,I,I,I,A,I,I,A,A,A,I,A,A,I,A,I,I,I,A
C,D,C,C,C,C,C,C,C,C,C,C,C,C,C,C,C,I,I,I,I,I
D,G,D,D,D,D,D,D,D,D,D,D,D,D,D,D,D,D,D,D,D,D
E,I,I,I,E,I,I,I,E,I,I,I,I,I,I,I,I,I,I,I,I,I
F,F,F,F,F,F,F,F,F,F,F,F,F,F,F,F,F,F,I,F,I,I
G,E,E,E,E,G,E,I,I,I,I,I,I,I,I,I,I,I,I,I,I,I
H,I,I,I,I,I,I,I,I,I,I,I,I,I,I,I,I,I,I,I,I,I
I,E,I,I,I,I,I,I,I,I,I,I,I,I,I,I,I,I,I,I,I,I
J,F,I,I,I,I,I,I,I,I,I,I,I,I,I,I,I,I,I,I,I,I
A,I,I,I,I,I,I,I,I,I,A,I,I,I,I,I,I,I,I,I,I,I
B,I,I,I,I,I,C,I,I,I,A,I,I,I,A,I,A,A,A,C,I,I
C,I,I,I,I,I,I,I,I,C,I,I,I,I,I,I,I,I,I,I,I,I
D,E,E,D,D,D,D,D,D,D,D,D,D,D,D,D,I,I,D,I,I,I
E,A,A,I,E,E,E,I,E,E,E,E,I,E,I,I,I,I,I,I,I,I
F,I,I,I,I,I,I,I,I,I,I,I,I,I,I,I,I,I,I,I,I,I
G,I,G,G,G,G,G,G,G,G,G,G,G,G,G,G,G,G,G,G,G,G
H,I,I,I,I,H,I,I,I,I,I,I,I,I,I,I,I,I,I,I,I,I
I,I,I,I,I,I,I,I,I,I,I,I,I,I,I,I,I,I,I,I,I,I
J,H,H,H,H,H,I,H,H,I,I,H,H,I,I,I,I,I,I,I,I,I
A,I,E,I,I,I,C,C,C,I,E,E,I,I,I,I,I,I,I,I,I,I
B,A,A,A,A,A,A,A,A,A,A,A,A,A,A,A,A,A,A,A,A,A
C,I,I,C,C,I,C,C,C,C,C,C,C,I,C,I,I,C,I,I,I,I
D,I,I,I,I,I,I,I,I,I,I,I,I,I,I,I,I,I,I,I,I,I
E,I,G,I,E,I,E,I,E,E,E,I,I,I,I,I,I,I,I,I,I,I
F,I,A,I,I,I,I,I,F,I,I,I,F,I,I,I,I,I,I,I,I,I
G,E,G,G,G,G,G,G,G,G,G,G,G,G,G,G,G,I,I,G,G,I
H,H,H,H,H,H,H,H,H,H,H,H,H,H,H,H,H,I,H,I,I,H
I,I,I,I,I,I,I,I,I,I,I,I,I,I,I,I,I,I,I,I,I,I
J,I,I,I,I,I,I,I,I,I,I,I,I,I,I,I,I,I,I,I,I,I
A,I,I,I,I,I,I,I,I,I,I,I,I,I,I,I,I,I,I,I,I,I
B,I,I,A,I,A,B,A,A,A,A,I,I,I,I,I,I,I,I,I,I,I
C,I,C,I,C,I,C,I,I,C,C,I,I,I,I,I,I,I,I,I,I,I
D,I,I,I,D,D,I,D,I,D,I,I,I,I,I,I,I,I,I,I,I,I
E,I,I,I,I,I,E,E,I,I,E,I,E,I,I,I,I,I,I,I,I,I
F,I,I,I,I,I,I,I,I,I,I,I,I,I,I,I,I,I,I,I,I,I
G,I,I,I,I,I,I,I,I,I,I,I,I,I,I,I,I,I,I,I,I,I
H,I,I,I,I,I,I,I,I,I,I,I,I,I,I,I,I,I,I,I,I,I
I,H,I,I,I,I,I,I,I,I,I,I,I,I,I,I,I,I,I,I,I,I
J,I,I,I,I,I,I,I,I,I,I,I,I,I,I,I,I,I,I,I,I,I
A,I,I,I,I,I,I,I,I,I,I,I,I,I,I,I,I,I,I,I,I,I
B,I,I,I,I,I,I,I,I,I,I,I,I,I,I,I,I,I,I,I,I,I
C,I,I,C,I,C,C,C,C,C,C,C,C,C,C,I,I,I,I,I,I,I
D,I,D,D,D,D,D,D,D,D,D,D,D,D,D,D,D,D,A,D,I,I
E,I,I,E,E,E,E,E,E,E,E,E,E,E,E,E,E,I,I,I,E,E
F,C,F,F,F,F,F,F,F,F,F,F,I,I,I,I,I,F,I,I,I,I
G,I,I,G,G,G,G,G,G,G,G,G,G,G,G,G,G,G,I,I,I,I
H,I,I,I,I,I,I,I,I,I,I,I,I,I,I,I,I,I,I,I,I,I
I,I,I,I,I,I,I,I,I,I,I,I,I,I,I,I,I,I,I,I,I,I
J,E,I,I,I,I,I,I,I,I,I,I,I,I,I,I,I,I,I,I,I,I
A,I,I,I,I,I,I,I,I,I,I,I,I,I,I,I,I,I,I,I,I,I
B,I,I,I,I,I,I,I,I,I,I,I,I,I,I,I,I,I,I,I,I,I
C,F,I,I,I,I,I,I,I,I,I,I,I,I,I,I,I,I,I,I,I,I
D,I,D,D,D,D,D,D,D,D,D,D,D,D,D,D,D,D,D,D,D,I
E,D,I,E,E,E,E,E,E,E,E,E,E,E,E,I,I,I,I,I,I,I
F,I,I,I,I,I,I,I,I,I,I,I,I,I,I,I,I,I,I,I,I,I
G,D,D,G,G,I,G,G,G,G,G,G,G,I,G,G,I,I,I,I,I,I
H,I,I,I,I,I,I,I,I,H,I,I,I,I,I,I,I,I,I,I,I,I
I,I,I,I,I,I,I,I,I,I,I,I,I,I,I,I,I,I,I,I,I,I
J,I,I,I,I,I,I,J,J,J,I,J,J,J,I,J,I,I,I,I,I,I
A,I,I,I,I,I,I,I,I,I,I,I,I,I,I,I,I,I,I,I,I,I
B,I,I,I,I,I,I,I,I,I,I,I,I,I,I,I,I,I,I,I,I,I
C,I,I,I,I,I,I,I,I,I,I,I,I,I,I,I,I,I,I,I,I,I
D,I,I,I,D,I,I,I,I,I,I,I,I,I,I,I,I,I,I,I,I,I
E,I,I,E,E,E,E,E,E,E,E,E,E,E,E,E,I,E,I,I,I,I
F,C,E,I,E,E,F,F,F,F,F,I,I,E,E,I,I,I,I,I,I,I
G,I,I,I,I,I,I,I,G,I,I,I,I,I,I,I,I,I,I,I,I,I
H,D,I,H,H,H,H,H,H,H,I,H,I,I,I,I,I,I,I,I,I,I
I,D,D,I,I,I,I,I,I,I,I,I,I,I,I,I,I,I,I,I,I,I
J,I,I,I,I,I,I,I,I,I,I,I,I,I,I,I,I,I,I,E,I,I
A,C,C,C,C,C,C,I,C,C,A,A,A,A,I,I,C,C,I,I,C,C
B,I,I,C,C,I,I,I,I,I,I,I,I,I,C,I,C,I,I,I,I,I
C,I,I,I,I,I,C,I,I,I,I,I,I,I,I,I,I,I,I,I,I,I
D,I,I,D,D,I,I,D,D,D,I,I,I,I,I,I,I,D,I,I,I,I
E,I,I,I,I,E,E,I,E,I,E,I,I,I,I,I,I,I,I,I,I,I
F,I,I,F,F,F,F,F,F,F,F,F,F,F,F,F,F,I,I,I,I,I
G,I,I,G,G,G,G,G,G,G,G,G,G,G,G,G,G,G,G,G,I,I
H,I,I,I,H,H,I,H,I,I,I,I,I,I,I,I,I,I,I,I,I,I
I,H,I,I,I,I,I,I,I,I,I,I,I,I,I,I,I,I,I,I,I,I
J,I,I,I,I,I,I,I,I,I,I,I,I,I,I,I,I,I,I,I,I,I
A,F,F,I,I,I,I,E,I,I,E,I,I,I,I,I,I,I,I,I,I,I
B,I,I,I,I,I,I,I,I,I,I,I,I,I,I,I,I,I,I,I,I,I
C,D,D,I,I,I,I,C,I,I,C,I,C,I,I,I,I,I,I,I,I,I
D,D,D,D,D,D,D,D,D,D,D,D,D,D,D,D,D,D,D,D,D,D
E,I,I,I,I,I,I,I,I,I,I,I,I,I,I,I,I,I,I,I,I,I
F,E,I,I,I,I,E,I,I,I,I,I,I,I,I,I,I,I,I,I,I,I
G,F,F,G,F,F,G,G,G,G,G,G,G,G,F,I,F,I,F,F,I,I
H,I,I,I,I,H,I,I,I,I,I,I,I,I,I,I,I,I,I,I,I,I
I,A,A,I,I,I,I,I,I,I,I,I,I,I,I,I,I,I,I,I,I,I
J,I,I,I,I,J,I,J,I,I,I,I,I,I,I,I,I,I,I,I,I,I
A,H,I,A,I,A,A,A,A,A,A,A,A,A,A,G,A,A,I,I,G,I
B,E,I,C,I,I,E,C,E,I,I,C,I,I,I,I,I,I,I,I,I,I
C,I,I,I,C,C,I,I,I,C,I,I,I,I,I,I,I,I,I,I,I,I
D,I,I,I,I,I,I,I,I,I,I,I,I,I,I,I,I,I,I,I,I,I
E,C,I,I,I,E,I,I,E,E,E,E,I,I,I,I,E,I,I,I,I,I
F,I,I,I,I,I,I,I,I,I,I,I,I,I,I,I,I,I,I,I,I,I
G,D,I,I,I,I,I,I,I,G,I,I,I,I,I,I,I,I,I,I,I,I
H,I,I,I,I,I,I,H,I,I,I,I,I,I,I,I,I,I,I,I,I,I
I,E,I,I,I,I,I,I,I,I,I,I,I,I,I,I,I,I,I,I,I,I
J,I,I,I,I,I,I,I,I,I,I,I,I,I,I,I,I,I,I,I,I,I
A,C,A,I,A,A,A,A,A,A,A,A,A,A,A,A,A,A,A,A,I,I
B,C,I,C,I,I,I,I,I,I,I,I,I,I,I,I,I,I,I,I,I,I
C,I,I,I,I,I,I,I,I,I,I,I,I,I,I,I,I,I,I,I,I,I
D,I,E,I,I,D,I,I,I,I,I,I,I,I,I,I,I,I,I,I,I,I
E,I,I,I,I,I,I,I,I,I,I,I,I,I,I,I,I,I,I,I,I,I
F,I,I,I,I,I,I,I,I,I,I,I,I,I,I,I,I,I,I,I,I,I
G,I,I,I,I,I,I,I,I,I,I,I,I,I,I,I,I,I,I,I,I,I
H,I,I,I,I,I,I,I,I,I,I,I,I,I,I,I,I,I,I,I,I,I
I,H,I,I,I,I,I,I,I,I,I,I,I,I,I,I,I,I,I,I,I,I
J,I,I,I,I,I,I,I,I,I,I,I,I,I,I,I,I,I,I,I,I,I
A,I,I,I,I,I,I,I,I,I,I,I,I,I,I,I,I,I,I,I,I,I
B,I,I,I,I,I,I,I,I,I,I,I,I,I,I,I,I,I,I,I,I,I
C,I,I,I,I,I,I,I,C,I,I,I,I,I,I,I,I,I,I,I,I,I
D,G,G,G,G,D,D,I,D,D,D,I,I,I,D,I,I,I,I,I,I,I
E,I,I,I,I,I,I,I,I,I,I,I,I,I,I,I,I,I,I,I,I,I
F,A,I,I,I,I,I,I,F,I,I,I,I,I,I,I,I,I,I,I,I,I
G,I,I,I,G,G,I,I,G,I,I,I,I,I,I,I,I,I,I,I,I,I
H,I,I,I,I,I,I,I,I,I,I,I,I,I,I,I,I,I,I,I,I,I
I,E,E,I,I,I,I,I,I,I,I,I,I,I,I,I,I,I,I,I,I,I
J,I,I,I,I,I,I,I,I,I,I,I,I,I,I,I,I,I,I,I,I,I
A,D,I,I,I,I,I,I,A,I,I,I,I,I,I,I,I,I,I,I,I,I
B,E,E,C,C,C,E,I,I,I,I,E,E,I,I,I,I,I,I,I,I,I
C,G,G,I,I,I,I,A,C,A,C,C,A,I,I,I,I,I,I,I,I,I
D,A,D,D,D,D,D,D,D,D,D,D,D,D,D,D,D,D,D,D,D,D
E,D,I,E,E,E,E,E,E,E,E,E,E,E,E,I,I,I,I,I,I,I
F,D,I,I,I,F,F,F,F,I,F,I,I,I,I,I,I,I,I,I,I,I
G,I,I,I,I,I,I,I,I,I,I,I,I,I,I,I,I,I,I,I,I,I
H,I,I,H,H,H,H,H,H,H,H,H,H,H,H,H,I,I,I,I,I,I
I,I,I,I,I,I,I,I,I,I,I,I,I,I,I,I,I,I,I,I,I,I
J,A,I,I,I,I,I,I,I,I,I,I,I,I,I,I,I,I,I,I,I,I
A,G,G,G,G,G,G,A,A,A,A,A,A,A,A,A,A,I,A,I,I,A
B,I,C,I,I,I,I,I,I,I,I,I,I,C,I,I,I,I,I,C,I,I
C,D,D,D,D,D,D,D,C,D,D,A,D,A,A,A,D,I,D,A,A,I
D,I,I,I,I,I,I,I,I,I,I,I,I,I,I,I,I,I,I,I,I,I
E,I,I,I,I,I,I,I,I,I,I,I,I,I,I,I,I,I,I,I,I,I
F,I,F,F,F,F,F,F,F,F,F,F,F,I,F,F,I,I,I,I,I,I
G,I,I,I,G,G,G,G,G,G,G,G,G,G,I,G,I,I,I,I,I,I
H,I,I,I,I,I,I,I,I,H,H,I,I,I,I,I,I,I,I,I,I,I
I,I,I,I,I,I,I,I,I,I,I,I,I,I,I,I,I,I,I,I,I,I
J,C,I,I,I,I,I,I,I,J,J,I,I,I,I,I,I,I,I,I,I,I
A,I,I,I,A,A,I,A,A,I,A,A,I,A,I,I,I,A,I,I,I,I
B,E,C,C,I,I,I,I,I,I,I,I,I,I,I,I,I,I,I,I,I,I
C,E,E,C,C,C,C,C,C,C,C,C,C,I,I,I,I,C,C,I,I,C
D,I,I,I,I,I,I,D,D,I,I,I,I,I,D,D,I,D,I,I,I,I
E,H,H,H,E,E,E,E,E,E,E,E,E,E,E,E,E,E,E,E,E,E
F,I,I,I,I,I,F,I,I,I,I,I,I,I,I,I,I,I,I,I,I,I
G,D,I,G,G,G,G,G,G,G,G,G,G,G,G,G,G,G,G,I,G,G
H,I,I,I,I,I,I,I,I,I,I,I,I,I,I,I,I,I,I,I,I,I
I,I,I,I,I,I,I,I,I,I,I,I,I,I,I,I,I,I,I,I,I,I
J,C,I,I,I,I,I,I,I,J,J,I,I,I,I,I,I,I,I,I,I,I
A,F,F,F,A,A,A,A,A,A,A,A,A,A,A,A,A,A,I,A,A,A
B,E,I,I,I,I,I,I,I,I,I,I,I,I,I,I,I,I,I,I,I,I
C,I,I,I,I,I,I,I,I,I,I,I,I,I,I,I,I,I,I,I,I,I
D,E,D,D,D,D,D,D,D,D,D,D,D,D,D,D,D,D,D,I,D,D
E,A,A,C,A,I,I,I,A,I,I,I,I,I,I,I,I,I,A,I,I,I
F,I,A,F,F,F,F,F,F,F,F,F,A,F,I,I,I,I,I,I,I,I
G,D,G,G,G,G,G,G,G,G,G,G,G,G,G,G,G,G,G,G,G,G
H,I,I,I,H,H,H,H,H,H,H,H,H,H,H,I,I,I,I,I,I,I
I,I,I,I,I,I,I,I,I,I,I,I,I,I,I,I,I,I,I,I,I,I
J,E,E,J,J,G,J,J,J,I,J,J,J,I,G,J,J,J,I,I,I,I
A,I,I,A,A,I,A,I,A,I,I,I,I,I,I,I,I,I,I,I,I,I
B,I,I,I,I,I,I,I,I,I,I,I,I,I,I,I,I,I,I,I,I,I
C,I,I,I,I,I,I,I,I,I,I,I,I,I,I,I,I,I,I,I,I,I
D,I,I,I,I,D,I,I,I,D,I,I,I,I,I,I,I,I,I,I,I,I
E,I,I,I,I,I,I,I,E,I,I,I,I,I,I,I,I,I,I,I,I,I
F,I,I,I,I,I,I,I,I,I,I,I,I,I,I,I,I,I,I,I,I,I
G,I,I,I,I,I,I,I,I,I,I,I,I,I,I,I,I,I,I,I,I,I
H,I,I,H,H,I,H,H,H,H,H,H,H,H,H,H,H,H,I,I,I,I
I,C,C,C,I,I,I,I,I,I,I,I,I,I,I,I,I,I,I,I,I,I
J,I,I,I,I,I,I,I,I,I,I,I,I,I,I,I,I,I,I,I,I,I
A,I,I,A,I,A,A,A,A,I,I,B,I,I,I,I,I,I,I,I,I,I
B,I,I,I,I,I,I,C,I,A,I,I,I,I,I,I,I,I,I,A,I,A
C,F,F,I,I,I,I,I,I,I,I,I,I,I,I,I,I,I,I,I,I,I
D,I,I,D,D,D,D,D,D,D,D,D,D,D,D,D,I,D,D,I,I,I
E,I,E,E,E,E,E,E,E,E,E,E,E,E,E,I,E,E,I,I,I,I
F,I,I,F,F,F,F,I,I,F,I,I,I,I,I,I,I,I,I,I,I,I
G,I,I,G,G,G,I,I,I,I,I,I,I,I,I,I,I,I,I,I,I,I
H,H,H,H,H,H,H,H,H,H,H,H,H,H,H,H,H,H,H,H,H,H
I,I,I,I,I,I,I,I,I,I,I,I,I,I,I,I,I,I,I,I,I,I
J,I,I,I,I,I,I,I,I,I,I,I,I,I,I,I,I,I,I,I,I,I
A,C,C,I,B,A,A,A,A,A,A,I,A,A,B,B,B,B,A,B,B,I
B,I,I,I,I,I,I,I,I,I,I,I,I,I,I,I,I,I,I,I,I,I
C,C,C,C,C,C,C,C,C,C,C,C,C,C,C,C,C,C,C,I,C,C
D,I,D,D,D,D,D,D,D,D,D,D,D,I,D,D,I,I,I,I,D,D
E,I,I,I,I,I,E,I,I,I,I,E,I,I,I,I,I,I,I,I,I,I
F,I,I,I,I,I,I,I,I,I,I,I,I,I,I,I,I,I,I,I,I,I
G,F,G,G,G,G,G,G,G,G,G,G,G,G,G,G,G,G,G,I,G,I
H,H,H,H,H,H,H,H,H,H,H,H,H,H,H,H,H,H,H,H,H,I
I,I,I,I,I,I,I,I,I,I,I,I,I,I,I,I,I,I,I,I,I,I
J,I,I,I,I,I,I,I,I,I,I,I,I,I,I,I,I,I,I,I,I,I
A,F,I,I,I,A,A,A,A,A,A,A,I,A,A,A,A,I,I,I,I,I
B,E,E,E,E,E,E,E,I,E,E,E,E,E,E,E,E,I,E,I,I,E
C,D,C,C,C,C,C,C,C,C,C,C,C,C,C,I,C,I,I,I,I,A
D,F,F,F,F,F,D,F,F,D,D,F,D,F,F,F,F,I,I,I,F,D
E,C,C,C,C,C,C,C,C,I,I,C,E,I,I,I,C,C,I,I,I,I
F,I,I,I,I,I,I,I,I,I,I,I,I,I,I,I,I,I,I,I,I,I
G,I,I,I,I,I,I,I,I,I,I,I,I,I,I,I,I,I,I,I,I,I
H,D,D,I,I,I,D,D,D,I,I,I,I,I,I,I,I,I,I,I,I,I
I,I,I,I,I,I,I,I,I,I,I,I,I,I,I,I,I,I,I,I,I,I
J,I,I,I,I,I,I,I,I,I,I,I,I,I,I,I,I,I,I,I,I,I
A,E,E,A,A,A,A,A,A,A,A,A,A,A,A,A,A,A,A,A,A,A
B,F,F,I,I,I,I,I,I,I,B,I,I,I,I,I,I,I,I,I,I,I
C,I,I,I,I,I,I,I,I,I,I,I,I,I,I,I,I,I,I,I,I,I
D,I,I,I,I,D,I,I,I,I,I,I,I,I,I,I,I,I,I,I,I,I
E,I,I,I,I,I,I,I,I,I,I,I,I,I,I,I,I,I,I,I,I,I
F,E,E,F,F,F,F,F,F,F,F,F,F,G,I,I,G,I,G,I,I,I
G,C,C,C,C,C,C,C,C,C,C,G,C,C,C,C,C,C,I,I,C,C
H,C,C,H,I,I,H,H,H,H,H,H,I,I,I,H,H,H,I,I,I,I
I,H,I,I,I,I,I,I,I,I,I,I,I,I,I,I,I,I,I,I,I,I
J,I,I,I,I,I,I,I,I,I,I,I,I,I,I,I,I,I,I,I,I,I
A,D,I,I,I,I,I,I,I,I,I,I,I,I,I,I,I,I,I,I,I,I
B,I,I,I,I,I,I,I,I,I,I,I,I,I,I,I,I,I,I,I,I,I
C,I,I,I,C,C,C,C,C,C,C,C,C,C,I,I,I,I,I,I,I,I
D,I,I,I,I,I,I,I,I,I,I,I,I,I,I,I,I,I,I,I,I,I
E,D,D,I,E,E,E,E,E,E,E,E,I,E,E,I,I,I,I,I,I,I
F,I,I,I,I,I,I,I,I,I,I,I,I,I,I,I,I,I,I,I,I,I
G,C,C,C,C,G,G,G,G,I,G,G,G,I,I,I,I,C,G,I,C,I
H,F,I,I,I,I,I,I,I,I,I,I,I,I,I,I,I,I,I,I,I,I
I,E,I,I,I,I,I,I,I,I,I,I,I,I,I,I,I,I,I,I,I,I
J,I,I,I,I,I,I,I,I,I,I,I,I,I,I,I,I,I,I,I,I,I
A,H,H,H,H,H,H,D,D,D,D,D,D,D,D,D,D,I,I,I,B,I
B,I,I,E,I,E,I,I,I,I,I,I,I,I,I,I,I,I,I,I,I,I
C,I,I,C,C,C,C,C,C,C,C,I,I,C,C,C,C,I,I,I,I,I
D,I,I,D,D,I,D,D,D,D,D,D,D,I,I,I,I,I,I,I,I,I
E,D,D,D,D,I,E,I,I,E,I,I,I,I,I,D,I,I,I,I,I,I
F,I,I,I,I,F,F,F,F,I,F,I,F,I,I,I,I,I,I,I,I,I
G,I,I,I,G,G,G,G,G,G,G,G,G,G,G,I,G,I,I,I,I,I
H,I,I,I,I,I,I,I,I,I,I,I,I,I,I,I,I,I,I,I,I,I
I,I,I,I,I,I,I,I,I,I,I,I,I,I,I,I,I,I,I,I,I,I
J,I,I,I,I,I,I,I,I,I,I,I,I,I,I,I,I,I,I,I,I,I
A,I,I,I,I,I,I,I,I,I,I,I,I,I,I,I,I,I,I,I,I,I
B,G,G,G,G,G,G,F,F,I,G,I,I,A,I,I,I,I,I,I,I,I
C,D,D,I,I,I,I,I,I,I,I,I,I,I,I,I,I,I,I,I,I,I
D,I,I,I,I,I,I,I,I,I,I,I,I,I,I,I,I,I,I,I,I,I
E,E,E,E,E,E,E,E,E,E,E,E,E,E,E,E,E,E,E,E,E,E
F,D,D,D,F,F,F,F,F,F,F,F,F,I,I,I,I,I,D,I,I,I
G,I,I,G,G,G,G,G,G,G,G,I,G,G,I,G,G,G,G,I,I,I
H,I,D,I,I,H,H,H,H,H,H,I,I,I,I,I,I,I,I,I,I,I
I,E,I,I,I,I,I,I,I,I,I,I,I,I,I,I,I,I,I,I,I,I
J,I,I,I,I,I,I,I,J,I,I,J,I,I,I,I,I,I,I,I,I,I
A,I,B,B,I,I,I,I,A,A,I,I,I,I,I,I,I,I,I,I,I,I
B,H,B,B,B,B,B,I,I,B,B,B,B,I,I,I,I,I,I,I,I,I
C,I,C,C,C,I,C,C,C,C,C,C,C,C,I,C,I,I,C,C,A,I
D,F,I,I,I,I,I,D,I,I,I,I,I,I,I,I,I,I,I,I,I,I
E,I,I,I,I,I,I,I,I,I,I,I,I,I,I,I,I,I,I,I,I,I
F,H,I,I,F,F,F,F,F,F,F,I,I,I,I,I,I,I,I,I,I,I
G,D,D,D,D,D,D,D,D,D,D,D,I,I,D,D,D,I,I,I,I,I
H,E,I,I,I,I,I,I,I,I,I,I,I,I,I,I,I,I,I,I,I,I
I,H,I,I,I,I,I,I,I,I,I,I,I,I,I,I,I,I,I,I,I,I
J,D,D,D,I,D,D,D,I,I,I,I,I,I,I,I,I,I,I,I,I,D
A,B,B,B,B,B,B,B,B,B,B,B,B,B,I,B,I,B,I,B,I,B
B,I,I,I,I,I,I,I,I,I,I,I,I,I,I,I,I,I,I,I,I,I
C,I,I,I,I,I,I,C,C,C,C,C,I,I,I,I,I,I,I,I,I,I
D,D,D,D,D,D,D,D,D,D,D,D,D,D,D,D,D,D,D,D,D,D
E,I,I,E,I,E,E,E,I,E,I,E,E,I,I,I,I,I,I,I,I,I
F,F,F,I,F,F,F,F,F,F,F,F,F,I,F,F,F,I,F,I,I,I
G,I,I,I,I,I,I,I,I,I,I,I,I,I,I,I,I,I,I,I,I,I
H,F,G,I,H,H,H,G,H,I,I,I,G,I,I,I,I,I,I,I,I,I
I,E,I,E,I,I,I,I,I,I,I,I,I,I,I,I,I,I,I,I,I,I
J,C,I,I,I,I,I,I,I,I,I,I,I,I,I,I,I,I,I,I,I,I
A,F,F,F,A,A,A,A,A,A,A,A,A,A,A,A,A,A,A,A,A,I
B,E,E,E,E,E,E,E,E,E,E,E,E,E,E,E,I,E,I,I,E,I
C,I,I,C,C,C,C,C,C,C,C,C,I,C,C,C,C,C,C,I,I,I
D,I,I,D,I,D,D,D,D,D,D,I,D,I,I,I,D,I,I,I,I,I
E,I,I,I,E,E,E,E,E,I,I,I,I,I,I,E,I,I,I,I,I,I
F,D,D,D,F,F,F,F,F,F,F,F,I,F,I,I,D,I,D,I,I,I
G,C,C,C,C,G,C,C,C,G,C,C,C,C,C,C,C,C,I,C,I,I
H,I,I,I,I,I,I,I,I,I,I,I,I,I,I,I,I,I,I,I,I,I
I,I,I,I,I,I,I,I,I,I,I,I,I,I,I,I,I,I,I,I,I,I
J,I,I,I,I,I,I,I,I,I,I,I,I,I,I,I,I,I,I,I,I,I
A,I,I,I,I,I,I,I,I,I,I,I,I,I,I,I,I,I,I,I,I,I
B,C,C,C,C,C,C,C,C,C,C,C,C,C,C,C,C,C,C,C,C,C
C,D,D,C,C,C,C,C,C,C,C,C,C,C,C,C,C,C,C,I,I,I
D,I,I,I,I,I,I,D,I,D,I,I,I,I,I,I,I,I,I,I,I,I
E,I,I,I,I,I,I,I,I,I,I,I,I,I,I,I,I,I,I,I,I,I
F,F,F,F,F,F,F,F,F,F,F,F,F,F,F,F,F,F,F,F,F,I
G,I,I,I,I,I,I,I,I,I,I,I,I,I,I,I,I,I,I,I,I,I
H,I,I,I,I,I,I,I,I,I,I,I,I,I,I,I,I,I,I,I,I,I
I,I,I,I,I,I,I,I,I,I,I,I,I,I,I,I,I,I,I,I,I,I
J,E,I,I,I,I,I,I,I,I,I,I,I,I,I,I,I,I,I,I,I,I
A,I,I,I,I,I,I,I,I,I,I,I,I,I,I,I,I,I,I,I,I,I
B,I,I,I,I,I,I,I,I,I,I,I,I,I,I,I,I,I,I,I,I,I
C,I,I,C,C,I,I,C,I,I,I,I,I,I,I,I,I,I,I,I,I,I
D,I,D,D,D,D,D,D,D,D,D,D,D,D,D,D,D,I,I,I,I,I
E,I,I,E,E,E,I,E,I,E,I,E,I,I,I,I,I,I,I,I,I,I
F,C,F,F,F,F,F,F,F,F,F,F,F,F,F,F,F,F,I,F,I,F
G,I,I,I,I,I,I,I,I,I,I,I,I,I,I,I,I,I,I,I,I,I
H,G,G,H,H,H,H,H,H,H,H,H,H,H,I,H,I,I,I,I,I,I
I,I,I,I,I,I,I,I,I,I,I,I,I,I,I,I,I,I,I,I,I,I
J,I,I,I,I,I,I,I,I,I,I,I,I,I,I,I,I,I,I,I,I,I
